RecordNo,Time,ElapsedHrs,Feed Solid Flow,Feed BPL,Feed P80,Feed Solid Fraction,Cyclone Feed Solid Flow,Cyclone Feed BPL,Cyclone Feed P80,Cyclone Feed Solid Fraction,Cyclone Underflow Solid Flow,Cyclone Underflow BPL,Cyclone Underflow P80,Cyclone Underflow Solid Fraction,Ball Mill Discharge Solid Flow,Ball Mill Discharge BPL,Ball Mill Discharge P80,Ball Mill Discharge Solid Fraction,Output Slurry Solid Flow,Output Slurry BPL,Output Slurry P80,Output Slurry Solid Fraction,Process Water Solid Flow,Process Water Solid Fraction
1,00:16:00.000,0.267,544.16,69.865,374.75,54.779,1193.5,70.11,222.73,45.104,649.19,70.315,320.75,68,649.19,70.315,136.99,68,544.18,69.865,146.27,32.177,0,0
2,00:30:00.000,0.500,544.16,69.865,374.75,54.779,1146.8,70.114,227.44,39.999,602.59,70.34,344.7,68,602.59,70.34,136.78,68,544.16,69.865,147.09,27.471,0,0
3,00:46:00.000,0.767,544.16,69.865,374.75,54.779,1146.8,70.114,227.44,40,602.6,70.34,344.7,68,602.6,70.34,136.79,68,544.15,69.865,147.09,27.473,0,0
4,01:00:00.000,1.000,544.16,69.865,374.75,54.779,1146.8,70.114,227.43,40,602.62,70.34,344.7,68,602.62,70.34,136.79,68,544.16,69.865,147.09,27.473,0,0
5,01:16:00.000,1.267,544.16,69.865,374.75,54.779,1146.8,70.114,227.43,40,602.62,70.34,344.7,68,602.62,70.34,136.79,68,544.16,69.865,147.09,27.473,0,0
6,01:30:00.000,1.500,544.16,69.865,374.75,54.779,1146.8,70.114,227.43,40,602.62,70.34,344.7,68,602.62,70.34,136.79,68,544.16,69.865,147.09,27.473,0,0
7,01:46:00.000,1.767,544.16,69.865,374.75,54.779,1146.8,70.114,227.43,40,602.62,70.34,344.7,68,602.62,70.34,136.79,68,544.16,69.865,147.09,27.473,0,0
8,02:00:00.000,2.000,544.16,69.865,374.75,54.779,1146.8,70.114,227.43,40,602.62,70.34,344.7,68,602.62,70.34,136.79,68,544.16,69.865,147.09,27.473,0,0
9,02:16:00.000,2.267,544.16,69.865,374.75,54.779,1146.8,70.114,227.43,40,602.62,70.34,344.7,68,602.62,70.34,136.79,68,544.16,69.865,147.09,27.473,0,0
10,02:30:00.000,2.500,544.16,69.865,374.75,54.779,1146.8,70.114,227.43,40,602.62,70.34,344.7,68,602.62,70.34,136.79,68,544.16,69.865,147.09,27.473,0,0
11,02:46:00.000,2.767,544.16,69.865,374.75,54.779,1146.8,70.114,227.43,40,602.62,70.34,344.7,68,602.62,70.34,136.79,68,544.16,69.865,147.09,27.473,0,0
12,03:00:00.000,3.000,544.16,69.865,374.75,54.779,1146.8,70.114,227.43,40,602.62,70.34,344.7,68,602.62,70.34,136.79,68,544.16,69.865,147.09,27.473,0,0
13,03:16:00.000,3.267,544.16,69.865,374.75,54.779,1146.8,70.114,227.43,40,602.62,70.34,344.7,68,602.62,70.34,136.79,68,544.16,69.865,147.09,27.473,0,0
14,03:30:00.000,3.500,544.16,69.865,374.75,54.779,1146.8,70.114,227.43,40,602.62,70.34,344.7,68,602.62,70.34,136.79,68,544.16,69.865,147.09,27.473,0,0
15,03:46:00.000,3.767,544.16,69.865,374.75,54.779,1146.8,70.114,227.43,40,602.62,70.34,344.7,68,602.62,70.34,136.79,68,544.16,69.865,147.09,27.473,0,0
16,04:00:00.000,4.000,544.16,69.865,374.75,54.779,1146.8,70.114,227.43,40,602.62,70.34,344.7,68,602.62,70.34,136.79,68,544.16,69.865,147.09,27.473,0,0
17,04:16:00.000,4.267,544.16,69.865,374.75,54.779,1146.8,70.114,227.43,40,602.62,70.34,344.7,68,602.62,70.34,136.79,68,544.16,69.865,147.09,27.473,0,0
18,04:30:00.000,4.500,544.16,69.865,374.75,54.779,1146.8,70.114,227.43,40,602.62,70.34,344.7,68,602.62,70.34,136.79,68,544.16,69.865,147.09,27.473,0,0
19,04:46:00.000,4.767,544.16,69.865,374.75,54.779,1146.8,70.114,227.43,40,602.62,70.34,344.7,68,602.62,70.34,136.79,68,544.16,69.865,147.09,27.473,0,0
20,05:00:00.000,5.000,544.16,69.865,374.75,54.779,1146.8,70.114,227.43,40,602.62,70.34,344.7,68,602.62,70.34,136.79,68,544.16,69.865,147.09,27.473,0,0
21,05:16:00.000,5.267,544.16,69.865,374.75,54.779,1146.8,70.114,227.43,40,602.62,70.34,344.7,68,602.62,70.34,136.79,68,544.16,69.865,147.09,27.473,0,0
22,05:30:00.000,5.500,544.16,69.865,374.75,54.779,1146.8,70.114,227.43,40,602.62,70.34,344.7,68,602.62,70.34,136.79,68,544.16,69.865,147.09,27.473,0,0
23,05:46:00.000,5.767,544.16,69.865,374.75,54.779,1146.8,70.114,227.43,40,602.62,70.34,344.7,68,602.62,70.34,136.79,68,544.16,69.865,147.09,27.473,0,0
24,06:00:00.000,6.000,544.16,69.865,374.75,54.779,1146.8,70.114,227.43,40,602.62,70.34,344.7,68,602.62,70.34,136.79,68,544.16,69.865,147.09,27.473,0,0
25,06:16:00.000,6.267,544.16,69.865,374.75,54.779,1146.8,70.114,227.43,40,602.62,70.34,344.7,68,602.62,70.34,136.79,68,544.16,69.865,147.09,27.473,0,0
26,06:30:00.000,6.500,544.16,69.865,374.75,54.779,1146.8,70.114,227.43,40,602.62,70.34,344.7,68,602.62,70.34,136.79,68,544.16,69.865,147.09,27.473,0,0
27,06:46:00.000,6.767,544.16,69.865,374.75,54.779,1146.8,70.114,227.43,40,602.62,70.34,344.7,68,602.62,70.34,136.79,68,544.16,69.865,147.09,27.473,0,0
28,07:00:00.000,7.000,544.16,69.865,374.75,54.779,1146.8,70.114,227.43,40,602.62,70.34,344.7,68,602.62,70.34,136.79,68,544.16,69.865,147.09,27.473,0,0
29,07:16:00.000,7.267,544.16,69.865,374.75,54.779,1146.8,70.114,227.43,40,602.62,70.34,344.7,68,602.62,70.34,136.79,68,544.16,69.865,147.09,27.473,0,0
30,07:30:00.000,7.500,544.16,69.865,374.75,54.779,1146.8,70.114,227.43,40,602.62,70.34,344.7,68,602.62,70.34,136.79,68,544.16,69.865,147.09,27.473,0,0
31,07:46:00.000,7.767,544.16,69.865,374.75,54.779,1146.8,70.114,227.43,40,602.62,70.34,344.7,68,602.62,70.34,136.79,68,544.16,69.865,147.09,27.473,0,0
32,08:00:00.000,8.000,544.16,69.865,374.75,54.779,1146.8,70.114,227.43,40,602.62,70.34,344.7,68,602.62,70.34,136.79,68,544.16,69.865,147.09,27.473,0,0
33,08:16:00.000,8.267,544.16,69.865,374.75,54.779,1146.8,70.114,227.43,40,602.62,70.34,344.7,68,602.62,70.34,136.79,68,544.16,69.865,147.09,27.473,0,0
34,08:30:00.000,8.500,544.16,69.865,374.75,54.779,1146.8,70.114,227.43,40,602.62,70.34,344.7,68,602.62,70.34,136.79,68,544.16,69.865,147.09,27.473,0,0
35,08:46:00.000,8.767,544.16,69.865,374.75,54.779,1146.8,70.114,227.43,40,602.62,70.34,344.7,68,602.62,70.34,136.79,68,544.16,69.865,147.09,27.473,0,0
36,09:00:00.000,9.000,544.16,69.865,374.75,54.779,1146.8,70.114,227.43,40,602.62,70.34,344.7,68,602.62,70.34,136.79,68,544.16,69.865,147.09,27.473,0,0
37,09:16:00.000,9.267,544.16,69.865,374.75,54.779,1146.8,70.114,227.43,40,602.62,70.34,344.7,68,602.62,70.34,136.79,68,544.16,69.865,147.09,27.473,0,0
38,09:30:00.000,9.500,544.16,69.865,374.75,54.779,1146.8,70.114,227.43,40,602.62,70.34,344.7,68,602.62,70.34,136.79,68,544.16,69.865,147.09,27.473,0,0
39,09:46:00.000,9.767,544.16,69.865,374.75,54.779,1146.8,70.114,227.43,40,602.62,70.34,344.7,68,602.62,70.34,136.79,68,544.16,69.865,147.09,27.473,0,0
40,10:00:00.000,10.000,544.16,69.865,374.75,54.779,1146.8,70.114,227.43,40,602.62,70.34,344.7,68,602.62,70.34,136.79,68,544.16,69.865,147.09,27.473,0,0
41,10:16:00.000,10.267,544.16,69.865,374.75,54.779,1146.8,70.114,227.43,40,602.62,70.34,344.7,68,602.62,70.34,136.79,68,544.16,69.865,147.09,27.473,0,0
42,10:30:00.000,10.500,544.16,69.865,374.75,54.779,1146.8,70.114,227.43,40,602.62,70.34,344.7,68,602.62,70.34,136.79,68,544.16,69.865,147.09,27.473,0,0
43,10:46:00.000,10.767,544.16,69.865,374.75,54.779,1146.8,70.114,227.43,40,602.62,70.34,344.7,68,602.62,70.34,136.79,68,544.16,69.865,147.09,27.473,0,0
44,11:00:00.000,11.000,544.16,69.865,374.75,54.779,1146.8,70.114,227.43,40,602.62,70.34,344.7,68,602.62,70.34,136.79,68,544.16,69.865,147.09,27.473,0,0
45,11:16:00.000,11.267,544.16,69.865,374.75,54.779,1146.8,70.114,227.43,40,602.62,70.34,344.7,68,602.62,70.34,136.79,68,544.16,69.865,147.09,27.473,0,0
46,11:30:00.000,11.500,544.16,69.865,374.75,54.779,1146.8,70.114,227.43,40,602.62,70.34,344.7,68,602.62,70.34,136.79,68,544.16,69.865,147.09,27.473,0,0
47,11:46:00.000,11.767,544.16,69.865,374.75,54.779,1146.8,70.114,227.43,40,602.62,70.34,344.7,68,602.62,70.34,136.79,68,544.16,69.865,147.09,27.473,0,0
48,12:00:00.000,12.000,544.16,69.865,374.75,54.779,1146.8,70.114,227.43,40,602.62,70.34,344.7,68,602.62,70.34,136.79,68,544.16,69.865,147.09,27.473,0,0
49,12:16:00.000,12.267,544.16,69.865,374.75,54.779,1146.8,70.114,227.43,40,602.62,70.34,344.7,68,602.62,70.34,136.79,68,544.16,69.865,147.09,27.473,0,0
50,12:30:00.000,12.500,544.16,69.865,374.75,54.779,1146.8,70.114,227.43,40,602.62,70.34,344.7,68,602.62,70.34,136.79,68,544.16,69.865,147.09,27.473,0,0
51,12:46:00.000,12.767,544.16,69.865,374.75,54.779,1146.8,70.114,227.43,40,602.62,70.34,344.7,68,602.62,70.34,136.79,68,544.16,69.865,147.09,27.473,0,0
52,13:00:00.000,13.000,544.16,69.865,374.75,54.779,1146.8,70.114,227.43,40,602.62,70.34,344.7,68,602.62,70.34,136.79,68,544.16,69.865,147.09,27.473,0,0
53,13:16:00.000,13.267,544.16,69.865,374.75,54.779,1146.8,70.114,227.43,40,602.62,70.34,344.7,68,602.62,70.34,136.79,68,544.16,69.865,147.09,27.473,0,0
54,13:30:00.000,13.500,544.16,69.865,374.75,54.779,1146.8,70.114,227.43,40,602.62,70.34,344.7,68,602.62,70.34,136.79,68,544.16,69.865,147.09,27.473,0,0
55,13:46:00.000,13.767,544.16,69.865,374.75,54.779,1146.8,70.114,227.43,40,602.62,70.34,344.7,68,602.62,70.34,136.79,68,544.16,69.865,147.09,27.473,0,0
56,14:00:00.000,14.000,544.16,69.865,374.75,54.779,1146.8,70.114,227.43,40,602.62,70.34,344.7,68,602.62,70.34,136.79,68,544.16,69.865,147.09,27.473,0,0
57,14:16:00.000,14.267,544.16,69.865,374.75,54.779,1146.8,70.114,227.43,40,602.62,70.34,344.7,68,602.62,70.34,136.79,68,544.16,69.865,147.09,27.473,0,0
58,14:30:00.000,14.500,544.16,69.865,374.75,54.779,1146.8,70.114,227.43,40,602.62,70.34,344.7,68,602.62,70.34,136.79,68,544.16,69.865,147.09,27.473,0,0
59,14:46:00.000,14.767,544.16,69.865,374.75,54.779,1146.8,70.114,227.43,40,602.62,70.34,344.7,68,602.62,70.34,136.79,68,544.16,69.865,147.09,27.473,0,0
60,15:00:00.000,15.000,544.16,69.865,374.75,54.779,1146.8,70.114,227.43,40,602.62,70.34,344.7,68,602.62,70.34,136.79,68,544.16,69.865,147.09,27.473,0,0
61,15:16:00.000,15.267,544.16,69.865,374.75,54.779,1146.8,70.114,227.43,40,602.62,70.34,344.7,68,602.62,70.34,136.79,68,544.16,69.865,147.09,27.473,0,0
62,15:30:00.000,15.500,544.16,69.865,374.75,54.779,1146.8,70.114,227.43,40,602.62,70.34,344.7,68,602.62,70.34,136.79,68,544.16,69.865,147.09,27.473,0,0
63,15:46:00.000,15.767,544.16,69.865,374.75,54.779,1146.8,70.114,227.43,40,602.62,70.34,344.7,68,602.62,70.34,136.79,68,544.16,69.865,147.09,27.473,0,0
64,16:00:00.000,16.000,544.16,69.865,374.75,54.779,1146.8,70.114,227.43,40,602.62,70.34,344.7,68,602.62,70.34,136.79,68,544.16,69.865,147.09,27.473,0,0
65,16:16:00.000,16.267,544.16,69.865,374.75,54.779,1146.8,70.114,227.43,40,602.62,70.34,344.7,68,602.62,70.34,136.79,68,544.16,69.865,147.09,27.473,0,0
66,16:30:00.000,16.500,544.16,69.865,374.75,54.779,1146.8,70.114,227.43,40,602.62,70.34,344.7,68,602.62,70.34,136.79,68,544.16,69.865,147.09,27.473,0,0
67,16:46:00.000,16.767,544.16,69.865,374.75,54.779,1146.8,70.114,227.43,40,602.62,70.34,344.7,68,602.62,70.34,136.79,68,544.16,69.865,147.09,27.473,0,0
68,17:00:00.000,17.000,544.16,69.865,374.75,54.779,1146.8,70.114,227.43,40,602.62,70.34,344.7,68,602.62,70.34,136.79,68,544.16,69.865,147.09,27.473,0,0
69,17:16:00.000,17.267,544.16,69.865,374.75,54.779,1146.8,70.114,227.43,40,602.62,70.34,344.7,68,602.62,70.34,136.79,68,544.16,69.865,147.09,27.473,0,0
70,17:30:00.000,17.500,544.16,69.865,374.75,54.779,1146.8,70.114,227.43,40,602.62,70.34,344.7,68,602.62,70.34,136.79,68,544.16,69.865,147.09,27.473,0,0
71,17:46:00.000,17.767,544.16,69.865,374.75,54.779,1146.8,70.114,227.43,40,602.62,70.34,344.7,68,602.62,70.34,136.79,68,544.16,69.865,147.09,27.473,0,0
72,18:00:00.000,18.000,544.16,69.865,374.75,54.779,1146.8,70.114,227.43,40,602.62,70.34,344.7,68,602.62,70.34,136.79,68,544.16,69.865,147.09,27.473,0,0
73,18:16:00.000,18.267,544.16,69.865,374.75,54.779,1146.8,70.114,227.43,40,602.62,70.34,344.7,68,602.62,70.34,136.79,68,544.16,69.865,147.09,27.473,0,0
74,18:30:00.000,18.500,544.16,69.865,374.75,54.779,1146.8,70.114,227.43,40,602.62,70.34,344.7,68,602.62,70.34,136.79,68,544.16,69.865,147.09,27.473,0,0
75,18:46:00.000,18.767,544.16,69.865,374.75,54.779,1146.8,70.114,227.43,40,602.62,70.34,344.7,68,602.62,70.34,136.79,68,544.16,69.865,147.09,27.473,0,0
76,19:00:00.000,19.000,544.16,69.865,374.75,54.779,1146.8,70.114,227.43,40,602.62,70.34,344.7,68,602.62,70.34,136.79,68,544.16,69.865,147.09,27.473,0,0
77,19:16:00.000,19.267,544.16,69.865,374.75,54.779,1146.8,70.114,227.43,40,602.62,70.34,344.7,68,602.62,70.34,136.79,68,544.16,69.865,147.09,27.473,0,0
78,19:30:00.000,19.500,544.16,69.865,374.75,54.779,1146.8,70.114,227.43,40,602.62,70.34,344.7,68,602.62,70.34,136.79,68,544.16,69.865,147.09,27.473,0,0
79,19:46:00.000,19.767,544.16,69.865,374.75,54.779,1146.8,70.114,227.43,40,602.62,70.34,344.7,68,602.62,70.34,136.79,68,544.16,69.865,147.09,27.473,0,0
80,20:00:00.000,20.000,544.16,69.865,374.75,54.779,1146.8,70.114,227.43,40,602.62,70.34,344.7,68,602.62,70.34,136.79,68,544.16,69.865,147.09,27.473,0,0
81,20:16:00.000,20.267,544.16,69.865,374.75,54.779,1146.8,70.114,227.43,40,602.62,70.34,344.7,68,602.62,70.34,136.79,68,544.16,69.865,147.09,27.473,0,0
82,20:30:00.000,20.500,544.16,69.865,374.75,54.779,1146.8,70.114,227.43,40,602.62,70.34,344.7,68,602.62,70.34,136.79,68,544.16,69.865,147.09,27.473,0,0
83,20:46:00.000,20.767,544.16,69.865,374.75,54.779,1146.8,70.114,227.43,40,602.62,70.34,344.7,68,602.62,70.34,136.79,68,544.16,69.865,147.09,27.473,0,0
84,21:00:00.000,21.000,544.16,69.865,374.75,54.779,1146.8,70.114,227.43,40,602.62,70.34,344.7,68,602.62,70.34,136.79,68,544.16,69.865,147.09,27.473,0,0
85,21:16:00.000,21.267,544.16,69.865,374.75,54.779,1146.8,70.114,227.43,40,602.62,70.34,344.7,68,602.62,70.34,136.79,68,544.16,69.865,147.09,27.473,0,0
86,21:30:00.000,21.500,544.16,69.865,374.75,54.779,1146.8,70.114,227.43,40,602.62,70.34,344.7,68,602.62,70.34,136.79,68,544.16,69.865,147.09,27.473,0,0
87,21:46:00.000,21.767,544.16,69.865,374.75,54.779,1146.8,70.114,227.43,40,602.62,70.34,344.7,68,602.62,70.34,136.79,68,544.16,69.865,147.09,27.473,0,0
88,22:00:00.000,22.000,544.16,69.865,374.75,54.779,1146.8,70.114,227.43,40,602.62,70.34,344.7,68,602.62,70.34,136.79,68,544.16,69.865,147.09,27.473,0,0
89,22:16:00.000,22.267,544.16,69.865,374.75,54.779,1146.8,70.114,227.43,40,602.62,70.34,344.7,68,602.62,70.34,136.79,68,544.16,69.865,147.09,27.473,0,0
90,22:30:00.000,22.500,544.16,69.865,374.75,54.779,1146.8,70.114,227.43,40,602.62,70.34,344.7,68,602.62,70.34,136.79,68,544.16,69.865,147.09,27.473,0,0
91,22:46:00.000,22.767,544.16,69.865,374.75,54.779,1146.8,70.114,227.43,40,602.62,70.34,344.7,68,602.62,70.34,136.79,68,544.16,69.865,147.09,27.473,0,0
92,23:00:00.000,23.000,544.16,69.865,374.75,54.779,1146.8,70.114,227.43,40,602.62,70.34,344.7,68,602.62,70.34,136.79,68,544.16,69.865,147.09,27.473,0,0
93,23:16:00.000,23.267,544.16,69.865,374.75,54.779,1146.8,70.114,227.43,40,602.62,70.34,344.7,68,602.62,70.34,136.79,68,544.16,69.865,147.09,27.473,0,0
94,23:30:00.000,23.500,544.16,69.865,374.75,54.779,1146.8,70.114,227.43,40,602.62,70.34,344.7,68,602.62,70.34,136.79,68,544.16,69.865,147.09,27.473,0,0
95,23:46:00.000,23.767,544.16,69.865,374.75,54.779,1146.8,70.114,227.43,40,602.62,70.34,344.7,68,602.62,70.34,136.79,68,544.16,69.865,147.09,27.473,0,0
96,00:00:00.000,24.000,544.16,69.865,374.75,54.779,1146.8,70.114,227.43,40,602.62,70.34,344.7,68,602.62,70.34,136.79,68,544.16,69.865,147.09,27.473,0,0
97,00:16:00.000,24.267,568.31,68.249,442.78,54.789,1233.5,66.12,259.19,40.945,665.18,64.3,395.63,68,665.18,64.3,135.35,68,568.2,68.247,141.39,27.933,0,0
98,00:30:00.000,24.500,568.31,68.249,442.78,54.789,1233.7,66.121,259.15,40.948,665.37,64.304,395.6,68,665.37,64.304,135.35,68,568.32,68.249,141.39,27.936,0,0
99,00:46:00.000,24.767,568.31,68.249,442.78,54.789,1233.7,66.121,259.15,40.948,665.37,64.304,395.6,68,665.37,64.304,135.35,68,568.32,68.249,141.39,27.936,0,0
100,01:00:00.000,25.000,568.31,68.249,442.78,54.789,1233.7,66.121,259.15,40.948,665.36,64.304,395.6,68,665.36,64.304,135.35,68,568.31,68.249,141.39,27.936,0,0
101,01:16:00.000,25.267,568.31,68.249,442.78,54.789,1233.7,66.121,259.15,40.948,665.36,64.304,395.6,68,665.36,64.304,135.35,68,568.31,68.249,141.39,27.936,0,0
102,01:30:00.000,25.500,568.31,68.249,442.78,54.789,1233.7,66.121,259.15,40.948,665.36,64.304,395.6,68,665.36,64.304,135.35,68,568.31,68.249,141.39,27.936,0,0
103,01:46:00.000,25.767,568.31,68.249,442.78,54.789,1233.7,66.121,259.15,40.948,665.36,64.304,395.6,68,665.36,64.304,135.35,68,568.31,68.249,141.39,27.936,0,0
104,02:00:00.000,26.000,568.31,68.249,442.78,54.789,1233.7,66.121,259.15,40.948,665.36,64.304,395.6,68,665.36,64.304,135.35,68,568.31,68.249,141.39,27.936,0,0
105,02:16:00.000,26.267,568.31,68.249,442.78,54.789,1233.7,66.121,259.15,40.948,665.36,64.304,395.6,68,665.36,64.304,135.35,68,568.31,68.249,141.39,27.936,0,0
106,02:30:00.000,26.500,568.31,68.249,442.78,54.789,1233.7,66.121,259.15,40.948,665.36,64.304,395.6,68,665.36,64.304,135.35,68,568.31,68.249,141.39,27.936,0,0
107,02:46:00.000,26.767,568.31,68.249,442.78,54.789,1233.7,66.121,259.15,40.948,665.36,64.304,395.6,68,665.36,64.304,135.35,68,568.31,68.249,141.39,27.936,0,0
108,03:00:00.000,27.000,568.31,68.249,442.78,54.789,1233.7,66.121,259.15,40.948,665.36,64.304,395.6,68,665.36,64.304,135.35,68,568.31,68.249,141.39,27.936,0,0
109,03:16:00.000,27.267,568.31,68.249,442.78,54.789,1233.7,66.121,259.15,40.948,665.36,64.304,395.6,68,665.36,64.304,135.35,68,568.31,68.249,141.39,27.936,0,0
110,03:30:00.000,27.500,568.31,68.249,442.78,54.789,1233.7,66.121,259.15,40.948,665.36,64.304,395.6,68,665.36,64.304,135.35,68,568.31,68.249,141.39,27.936,0,0
111,03:46:00.000,27.767,568.31,68.249,442.78,54.789,1233.7,66.121,259.15,40.948,665.36,64.304,395.6,68,665.36,64.304,135.35,68,568.31,68.249,141.39,27.936,0,0
112,04:00:00.000,28.000,568.31,68.249,442.78,54.789,1233.7,66.121,259.15,40.948,665.36,64.304,395.6,68,665.36,64.304,135.35,68,568.31,68.249,141.39,27.936,0,0
113,04:16:00.000,28.267,568.31,68.249,442.78,54.789,1233.7,66.121,259.15,40.948,665.36,64.304,395.6,68,665.36,64.304,135.35,68,568.31,68.249,141.39,27.936,0,0
114,04:30:00.000,28.500,568.31,68.249,442.78,54.789,1233.7,66.121,259.15,40.948,665.36,64.304,395.6,68,665.36,64.304,135.35,68,568.31,68.249,141.39,27.936,0,0
115,04:46:00.000,28.767,568.31,68.249,442.78,54.789,1233.7,66.121,259.15,40.948,665.36,64.304,395.6,68,665.36,64.304,135.35,68,568.31,68.249,141.39,27.936,0,0
116,05:00:00.000,29.000,568.31,68.249,442.78,54.789,1233.7,66.121,259.15,40.948,665.36,64.304,395.6,68,665.36,64.304,135.35,68,568.31,68.249,141.39,27.936,0,0
117,05:16:00.000,29.267,568.31,68.249,442.78,54.789,1233.7,66.121,259.15,40.948,665.36,64.304,395.6,68,665.36,64.304,135.35,68,568.31,68.249,141.39,27.936,0,0
118,05:30:00.000,29.500,568.31,68.249,442.78,54.789,1233.7,66.121,259.15,40.948,665.36,64.304,395.6,68,665.36,64.304,135.35,68,568.31,68.249,141.39,27.936,0,0
119,05:46:00.000,29.767,568.31,68.249,442.78,54.789,1233.7,66.121,259.15,40.948,665.36,64.304,395.6,68,665.36,64.304,135.35,68,568.31,68.249,141.39,27.936,0,0
120,06:00:00.000,30.000,568.31,68.249,442.78,54.789,1233.7,66.121,259.15,40.948,665.36,64.304,395.6,68,665.36,64.304,135.35,68,568.31,68.249,141.39,27.936,0,0
121,06:16:00.000,30.267,568.31,68.249,442.78,54.789,1233.7,66.121,259.15,40.948,665.36,64.304,395.6,68,665.36,64.304,135.35,68,568.31,68.249,141.39,27.936,0,0
122,06:30:00.000,30.500,568.31,68.249,442.78,54.789,1233.7,66.121,259.15,40.948,665.36,64.304,395.6,68,665.36,64.304,135.35,68,568.31,68.249,141.39,27.936,0,0
123,06:46:00.000,30.767,568.31,68.249,442.78,54.789,1233.7,66.121,259.15,40.948,665.36,64.304,395.6,68,665.36,64.304,135.35,68,568.31,68.249,141.39,27.936,0,0
124,07:00:00.000,31.000,568.31,68.249,442.78,54.789,1233.7,66.121,259.15,40.948,665.36,64.304,395.6,68,665.36,64.304,135.35,68,568.31,68.249,141.39,27.936,0,0
125,07:16:00.000,31.267,568.31,68.249,442.78,54.789,1233.7,66.121,259.15,40.948,665.36,64.304,395.6,68,665.36,64.304,135.35,68,568.31,68.249,141.39,27.936,0,0
126,07:30:00.000,31.500,568.31,68.249,442.78,54.789,1233.7,66.121,259.15,40.948,665.36,64.304,395.6,68,665.36,64.304,135.35,68,568.31,68.249,141.39,27.936,0,0
127,07:46:00.000,31.767,568.31,68.249,442.78,54.789,1233.7,66.121,259.15,40.948,665.36,64.304,395.6,68,665.36,64.304,135.35,68,568.31,68.249,141.39,27.936,0,0
128,08:00:00.000,32.000,568.31,68.249,442.78,54.789,1233.7,66.121,259.15,40.948,665.36,64.304,395.6,68,665.36,64.304,135.35,68,568.31,68.249,141.39,27.936,0,0
129,08:16:00.000,32.267,568.31,68.249,442.78,54.789,1233.7,66.121,259.15,40.948,665.36,64.304,395.6,68,665.36,64.304,135.35,68,568.31,68.249,141.39,27.936,0,0
130,08:30:00.000,32.500,568.31,68.249,442.78,54.789,1233.7,66.121,259.15,40.948,665.36,64.304,395.6,68,665.36,64.304,135.35,68,568.31,68.249,141.39,27.936,0,0
131,08:46:00.000,32.767,568.31,68.249,442.78,54.789,1233.7,66.121,259.15,40.948,665.36,64.304,395.6,68,665.36,64.304,135.35,68,568.31,68.249,141.39,27.936,0,0
132,09:00:00.000,33.000,568.31,68.249,442.78,54.789,1233.7,66.121,259.15,40.948,665.36,64.304,395.6,68,665.36,64.304,135.35,68,568.31,68.249,141.39,27.936,0,0
133,09:16:00.000,33.267,568.31,68.249,442.78,54.789,1233.7,66.121,259.15,40.948,665.36,64.304,395.6,68,665.36,64.304,135.35,68,568.31,68.249,141.39,27.936,0,0
134,09:30:00.000,33.500,568.31,68.249,442.78,54.789,1233.7,66.121,259.15,40.948,665.36,64.304,395.6,68,665.36,64.304,135.35,68,568.31,68.249,141.39,27.936,0,0
135,09:46:00.000,33.767,568.31,68.249,442.78,54.789,1233.7,66.121,259.15,40.948,665.36,64.304,395.6,68,665.36,64.304,135.35,68,568.31,68.249,141.39,27.936,0,0
136,10:00:00.000,34.000,568.31,68.249,442.78,54.789,1233.7,66.121,259.15,40.948,665.36,64.304,395.6,68,665.36,64.304,135.35,68,568.31,68.249,141.39,27.936,0,0
137,10:16:00.000,34.267,568.31,68.249,442.78,54.789,1233.7,66.121,259.15,40.948,665.36,64.304,395.6,68,665.36,64.304,135.35,68,568.31,68.249,141.39,27.936,0,0
138,10:30:00.000,34.500,568.31,68.249,442.78,54.789,1233.7,66.121,259.15,40.948,665.36,64.304,395.6,68,665.36,64.304,135.35,68,568.31,68.249,141.39,27.936,0,0
139,10:46:00.000,34.767,568.31,68.249,442.78,54.789,1233.7,66.121,259.15,40.948,665.36,64.304,395.6,68,665.36,64.304,135.35,68,568.31,68.249,141.39,27.936,0,0
140,11:00:00.000,35.000,568.31,68.249,442.78,54.789,1233.7,66.121,259.15,40.948,665.36,64.304,395.6,68,665.36,64.304,135.35,68,568.31,68.249,141.39,27.936,0,0
141,11:16:00.000,35.267,568.31,68.249,442.78,54.789,1233.7,66.121,259.15,40.948,665.36,64.304,395.6,68,665.36,64.304,135.35,68,568.31,68.249,141.39,27.936,0,0
142,11:30:00.000,35.500,568.31,68.249,442.78,54.789,1233.7,66.121,259.15,40.948,665.36,64.304,395.6,68,665.36,64.304,135.35,68,568.31,68.249,141.39,27.936,0,0
143,11:46:00.000,35.767,568.31,68.249,442.78,54.789,1233.7,66.121,259.15,40.948,665.36,64.304,395.6,68,665.36,64.304,135.35,68,568.31,68.249,141.39,27.936,0,0
144,12:00:00.000,36.000,568.31,68.249,442.78,54.789,1233.7,66.121,259.15,40.948,665.36,64.304,395.6,68,665.36,64.304,135.35,68,568.31,68.249,141.39,27.936,0,0
145,12:16:00.000,36.267,568.31,68.249,442.78,54.789,1233.7,66.121,259.15,40.948,665.36,64.304,395.6,68,665.36,64.304,135.35,68,568.31,68.249,141.39,27.936,0,0
146,12:30:00.000,36.500,568.31,68.249,442.78,54.789,1233.7,66.121,259.15,40.948,665.36,64.304,395.6,68,665.36,64.304,135.35,68,568.31,68.249,141.39,27.936,0,0
147,12:46:00.000,36.767,568.31,68.249,442.78,54.789,1233.7,66.121,259.15,40.948,665.36,64.304,395.6,68,665.36,64.304,135.35,68,568.31,68.249,141.39,27.936,0,0
148,13:00:00.000,37.000,568.31,68.249,442.78,54.789,1233.7,66.121,259.15,40.948,665.36,64.304,395.6,68,665.36,64.304,135.35,68,568.31,68.249,141.39,27.936,0,0
149,13:16:00.000,37.267,568.31,68.249,442.78,54.789,1233.7,66.121,259.15,40.948,665.36,64.304,395.6,68,665.36,64.304,135.35,68,568.31,68.249,141.39,27.936,0,0
150,13:30:00.000,37.500,568.31,68.249,442.78,54.789,1233.7,66.121,259.15,40.948,665.36,64.304,395.6,68,665.36,64.304,135.35,68,568.31,68.249,141.39,27.936,0,0
151,13:46:00.000,37.767,568.31,68.249,442.78,54.789,1233.7,66.121,259.15,40.948,665.36,64.304,395.6,68,665.36,64.304,135.35,68,568.31,68.249,141.39,27.936,0,0
152,14:00:00.000,38.000,568.31,68.249,442.78,54.789,1233.7,66.121,259.15,40.948,665.36,64.304,395.6,68,665.36,64.304,135.35,68,568.31,68.249,141.39,27.936,0,0
153,14:16:00.000,38.267,568.31,68.249,442.78,54.789,1233.7,66.121,259.15,40.948,665.36,64.304,395.6,68,665.36,64.304,135.35,68,568.31,68.249,141.39,27.936,0,0
154,14:30:00.000,38.500,568.31,68.249,442.78,54.789,1233.7,66.121,259.15,40.948,665.36,64.304,395.6,68,665.36,64.304,135.35,68,568.31,68.249,141.39,27.936,0,0
155,14:46:00.000,38.767,568.31,68.249,442.78,54.789,1233.7,66.121,259.15,40.948,665.36,64.304,395.6,68,665.36,64.304,135.35,68,568.31,68.249,141.39,27.936,0,0
156,15:00:00.000,39.000,568.31,68.249,442.78,54.789,1233.7,66.121,259.15,40.948,665.36,64.304,395.6,68,665.36,64.304,135.35,68,568.31,68.249,141.39,27.936,0,0
157,15:16:00.000,39.267,568.31,68.249,442.78,54.789,1233.7,66.121,259.15,40.948,665.36,64.304,395.6,68,665.36,64.304,135.35,68,568.31,68.249,141.39,27.936,0,0
158,15:30:00.000,39.500,568.31,68.249,442.78,54.789,1233.7,66.121,259.15,40.948,665.36,64.304,395.6,68,665.36,64.304,135.35,68,568.31,68.249,141.39,27.936,0,0
159,15:46:00.000,39.767,568.31,68.249,442.78,54.789,1233.7,66.121,259.15,40.948,665.36,64.304,395.6,68,665.36,64.304,135.35,68,568.31,68.249,141.39,27.936,0,0
160,16:00:00.000,40.000,568.31,68.249,442.78,54.789,1233.7,66.121,259.15,40.948,665.36,64.304,395.6,68,665.36,64.304,135.35,68,568.31,68.249,141.39,27.936,0,0
161,16:16:00.000,40.267,568.31,68.249,442.78,54.789,1233.7,66.121,259.15,40.948,665.36,64.304,395.6,68,665.36,64.304,135.35,68,568.31,68.249,141.39,27.936,0,0
162,16:30:00.000,40.500,568.31,68.249,442.78,54.789,1233.7,66.121,259.15,40.948,665.36,64.304,395.6,68,665.36,64.304,135.35,68,568.31,68.249,141.39,27.936,0,0
163,16:46:00.000,40.767,568.31,68.249,442.78,54.789,1233.7,66.121,259.15,40.948,665.36,64.304,395.6,68,665.36,64.304,135.35,68,568.31,68.249,141.39,27.936,0,0
164,17:00:00.000,41.000,568.31,68.249,442.78,54.789,1233.7,66.121,259.15,40.948,665.36,64.304,395.6,68,665.36,64.304,135.35,68,568.31,68.249,141.39,27.936,0,0
165,17:16:00.000,41.267,568.31,68.249,442.78,54.789,1233.7,66.121,259.15,40.948,665.36,64.304,395.6,68,665.36,64.304,135.35,68,568.31,68.249,141.39,27.936,0,0
166,17:30:00.000,41.500,568.31,68.249,442.78,54.789,1233.7,66.121,259.15,40.948,665.36,64.304,395.6,68,665.36,64.304,135.35,68,568.31,68.249,141.39,27.936,0,0
167,17:46:00.000,41.767,568.31,68.249,442.78,54.789,1233.7,66.121,259.15,40.948,665.36,64.304,395.6,68,665.36,64.304,135.35,68,568.31,68.249,141.39,27.936,0,0
168,18:00:00.000,42.000,568.31,68.249,442.78,54.789,1233.7,66.121,259.15,40.948,665.36,64.304,395.6,68,665.36,64.304,135.35,68,568.31,68.249,141.39,27.936,0,0
169,18:16:00.000,42.267,568.31,68.249,442.78,54.789,1233.7,66.121,259.15,40.948,665.36,64.304,395.6,68,665.36,64.304,135.35,68,568.31,68.249,141.39,27.936,0,0
170,18:30:00.000,42.500,568.31,68.249,442.78,54.789,1233.7,66.121,259.15,40.948,665.36,64.304,395.6,68,665.36,64.304,135.35,68,568.31,68.249,141.39,27.936,0,0
171,18:46:00.000,42.767,568.31,68.249,442.78,54.789,1233.7,66.121,259.15,40.948,665.36,64.304,395.6,68,665.36,64.304,135.35,68,568.31,68.249,141.39,27.936,0,0
172,19:00:00.000,43.000,568.31,68.249,442.78,54.789,1233.7,66.121,259.15,40.948,665.36,64.304,395.6,68,665.36,64.304,135.35,68,568.31,68.249,141.39,27.936,0,0
173,19:16:00.000,43.267,568.31,68.249,442.78,54.789,1233.7,66.121,259.15,40.948,665.36,64.304,395.6,68,665.36,64.304,135.35,68,568.31,68.249,141.39,27.936,0,0
174,19:30:00.000,43.500,568.31,68.249,442.78,54.789,1233.7,66.121,259.15,40.948,665.36,64.304,395.6,68,665.36,64.304,135.35,68,568.31,68.249,141.39,27.936,0,0
175,19:46:00.000,43.767,568.31,68.249,442.78,54.789,1233.7,66.121,259.15,40.948,665.36,64.304,395.6,68,665.36,64.304,135.35,68,568.31,68.249,141.39,27.936,0,0
176,20:00:00.000,44.000,568.31,68.249,442.78,54.789,1233.7,66.121,259.15,40.948,665.36,64.304,395.6,68,665.36,64.304,135.35,68,568.31,68.249,141.39,27.936,0,0
177,20:16:00.000,44.267,568.31,68.249,442.78,54.789,1233.7,66.121,259.15,40.948,665.36,64.304,395.6,68,665.36,64.304,135.35,68,568.31,68.249,141.39,27.936,0,0
178,20:30:00.000,44.500,568.31,68.249,442.78,54.789,1233.7,66.121,259.15,40.948,665.36,64.304,395.6,68,665.36,64.304,135.35,68,568.31,68.249,141.39,27.936,0,0
179,20:46:00.000,44.767,568.31,68.249,442.78,54.789,1233.7,66.121,259.15,40.948,665.36,64.304,395.6,68,665.36,64.304,135.35,68,568.31,68.249,141.39,27.936,0,0
180,21:00:00.000,45.000,568.31,68.249,442.78,54.789,1233.7,66.121,259.15,40.948,665.36,64.304,395.6,68,665.36,64.304,135.35,68,568.31,68.249,141.39,27.936,0,0
181,21:16:00.000,45.267,568.31,68.249,442.78,54.789,1233.7,66.121,259.15,40.948,665.36,64.304,395.6,68,665.36,64.304,135.35,68,568.31,68.249,141.39,27.936,0,0
182,21:30:00.000,45.500,568.31,68.249,442.78,54.789,1233.7,66.121,259.15,40.948,665.36,64.304,395.6,68,665.36,64.304,135.35,68,568.31,68.249,141.39,27.936,0,0
183,21:46:00.000,45.767,568.31,68.249,442.78,54.789,1233.7,66.121,259.15,40.948,665.36,64.304,395.6,68,665.36,64.304,135.35,68,568.31,68.249,141.39,27.936,0,0
184,22:00:00.000,46.000,568.31,68.249,442.78,54.789,1233.7,66.121,259.15,40.948,665.36,64.304,395.6,68,665.36,64.304,135.35,68,568.31,68.249,141.39,27.936,0,0
185,22:16:00.000,46.267,568.31,68.249,442.78,54.789,1233.7,66.121,259.15,40.948,665.36,64.304,395.6,68,665.36,64.304,135.35,68,568.31,68.249,141.39,27.936,0,0
186,22:30:00.000,46.500,568.31,68.249,442.78,54.789,1233.7,66.121,259.15,40.948,665.36,64.304,395.6,68,665.36,64.304,135.35,68,568.31,68.249,141.39,27.936,0,0
187,22:46:00.000,46.767,568.31,68.249,442.78,54.789,1233.7,66.121,259.15,40.948,665.36,64.304,395.6,68,665.36,64.304,135.35,68,568.31,68.249,141.39,27.936,0,0
188,23:00:00.000,47.000,568.31,68.249,442.78,54.789,1233.7,66.121,259.15,40.948,665.36,64.304,395.6,68,665.36,64.304,135.35,68,568.31,68.249,141.39,27.936,0,0
189,23:16:00.000,47.267,568.31,68.249,442.78,54.789,1233.7,66.121,259.15,40.948,665.36,64.304,395.6,68,665.36,64.304,135.35,68,568.31,68.249,141.39,27.936,0,0
190,23:30:00.000,47.500,568.31,68.249,442.78,54.789,1233.7,66.121,259.15,40.948,665.36,64.304,395.6,68,665.36,64.304,135.35,68,568.31,68.249,141.39,27.936,0,0
191,23:46:00.000,47.767,568.31,68.249,442.78,54.789,1233.7,66.121,259.15,40.948,665.36,64.304,395.6,68,665.36,64.304,135.35,68,568.31,68.249,141.39,27.936,0,0
192,00:00:00.000,48.000,568.31,68.249,442.78,54.789,1233.7,66.121,259.15,40.948,665.36,64.304,395.6,68,665.36,64.304,135.35,68,568.31,68.249,141.39,27.936,0,0
193,00:16:00.000,48.267,462.61,60.402,611.9,54.74,953.48,60.864,267.37,40.136,490.89,61.299,577.71,68,490.89,61.299,136.62,68,462.17,60.401,138.04,27.958,0,0
194,00:30:00.000,48.500,462.61,60.402,611.9,54.74,953.37,60.864,267.42,39.994,490.77,61.3,577.99,68,490.77,61.3,136.63,68,462.71,60.402,138.05,27.837,0,0
195,00:46:00.000,48.767,462.61,60.402,611.9,54.74,953.28,60.864,267.45,40,490.67,61.3,578.06,68,490.67,61.3,136.63,68,462.61,60.402,138.05,27.841,0,0
196,01:00:00.000,49.000,462.61,60.402,611.9,54.74,953.27,60.864,267.45,40,490.66,61.3,578.06,68,490.66,61.3,136.63,68,462.6,60.402,138.05,27.841,0,0
197,01:16:00.000,49.267,462.61,60.402,611.9,54.74,953.27,60.864,267.45,40,490.67,61.3,578.06,68,490.67,61.3,136.63,68,462.61,60.402,138.05,27.841,0,0
198,01:30:00.000,49.500,462.61,60.402,611.9,54.74,953.27,60.864,267.45,40,490.67,61.3,578.06,68,490.67,61.3,136.63,68,462.61,60.402,138.05,27.841,0,0
199,01:46:00.000,49.767,462.61,60.402,611.9,54.74,953.27,60.864,267.45,40,490.67,61.3,578.06,68,490.67,61.3,136.63,68,462.61,60.402,138.05,27.841,0,0
200,02:00:00.000,50.000,462.61,60.402,611.9,54.74,953.27,60.864,267.45,40,490.67,61.3,578.06,68,490.67,61.3,136.63,68,462.61,60.402,138.05,27.841,0,0
201,02:16:00.000,50.267,462.61,60.402,611.9,54.74,953.27,60.864,267.45,40,490.67,61.3,578.06,68,490.67,61.3,136.63,68,462.61,60.402,138.05,27.841,0,0
202,02:30:00.000,50.500,462.61,60.402,611.9,54.74,953.27,60.864,267.45,40,490.67,61.3,578.06,68,490.67,61.3,136.63,68,462.61,60.402,138.05,27.841,0,0
203,02:46:00.000,50.767,462.61,60.402,611.9,54.74,953.27,60.864,267.45,40,490.67,61.3,578.06,68,490.67,61.3,136.63,68,462.61,60.402,138.05,27.841,0,0
204,03:00:00.000,51.000,462.61,60.402,611.9,54.74,953.27,60.864,267.45,40,490.67,61.3,578.06,68,490.67,61.3,136.63,68,462.61,60.402,138.05,27.841,0,0
205,03:16:00.000,51.267,462.61,60.402,611.9,54.74,953.27,60.864,267.45,40,490.67,61.3,578.06,68,490.67,61.3,136.63,68,462.61,60.402,138.05,27.841,0,0
206,03:30:00.000,51.500,462.61,60.402,611.9,54.74,953.27,60.864,267.45,40,490.67,61.3,578.06,68,490.67,61.3,136.63,68,462.61,60.402,138.05,27.841,0,0
207,03:46:00.000,51.767,462.61,60.402,611.9,54.74,953.27,60.864,267.45,40,490.67,61.3,578.06,68,490.67,61.3,136.63,68,462.61,60.402,138.05,27.841,0,0
208,04:00:00.000,52.000,462.61,60.402,611.9,54.74,953.27,60.864,267.45,40,490.67,61.3,578.06,68,490.67,61.3,136.63,68,462.61,60.402,138.05,27.841,0,0
209,04:16:00.000,52.267,462.61,60.402,611.9,54.74,953.27,60.864,267.45,40,490.67,61.3,578.06,68,490.67,61.3,136.63,68,462.61,60.402,138.05,27.841,0,0
210,04:30:00.000,52.500,462.61,60.402,611.9,54.74,953.27,60.864,267.45,40,490.67,61.3,578.06,68,490.67,61.3,136.63,68,462.61,60.402,138.05,27.841,0,0
211,04:46:00.000,52.767,462.61,60.402,611.9,54.74,953.27,60.864,267.45,40,490.67,61.3,578.06,68,490.67,61.3,136.63,68,462.61,60.402,138.05,27.841,0,0
212,05:00:00.000,53.000,462.61,60.402,611.9,54.74,953.27,60.864,267.45,40,490.67,61.3,578.06,68,490.67,61.3,136.63,68,462.61,60.402,138.05,27.841,0,0
213,05:16:00.000,53.267,462.61,60.402,611.9,54.74,953.27,60.864,267.45,40,490.67,61.3,578.06,68,490.67,61.3,136.63,68,462.61,60.402,138.05,27.841,0,0
214,05:30:00.000,53.500,462.61,60.402,611.9,54.74,953.27,60.864,267.45,40,490.67,61.3,578.06,68,490.67,61.3,136.63,68,462.61,60.402,138.05,27.841,0,0
215,05:46:00.000,53.767,462.61,60.402,611.9,54.74,953.27,60.864,267.45,40,490.67,61.3,578.06,68,490.67,61.3,136.63,68,462.61,60.402,138.05,27.841,0,0
216,06:00:00.000,54.000,462.61,60.402,611.9,54.74,953.27,60.864,267.45,40,490.67,61.3,578.06,68,490.67,61.3,136.63,68,462.61,60.402,138.05,27.841,0,0
217,06:16:00.000,54.267,462.61,60.402,611.9,54.74,953.27,60.864,267.45,40,490.67,61.3,578.06,68,490.67,61.3,136.63,68,462.61,60.402,138.05,27.841,0,0
218,06:30:00.000,54.500,462.61,60.402,611.9,54.74,953.27,60.864,267.45,40,490.67,61.3,578.06,68,490.67,61.3,136.63,68,462.61,60.402,138.05,27.841,0,0
219,06:46:00.000,54.767,462.61,60.402,611.9,54.74,953.27,60.864,267.45,40,490.67,61.3,578.06,68,490.67,61.3,136.63,68,462.61,60.402,138.05,27.841,0,0
220,07:00:00.000,55.000,462.61,60.402,611.9,54.74,953.27,60.864,267.45,40,490.67,61.3,578.06,68,490.67,61.3,136.63,68,462.61,60.402,138.05,27.841,0,0
221,07:16:00.000,55.267,462.61,60.402,611.9,54.74,953.27,60.864,267.45,40,490.67,61.3,578.06,68,490.67,61.3,136.63,68,462.61,60.402,138.05,27.841,0,0
222,07:30:00.000,55.500,462.61,60.402,611.9,54.74,953.27,60.864,267.45,40,490.67,61.3,578.06,68,490.67,61.3,136.63,68,462.61,60.402,138.05,27.841,0,0
223,07:46:00.000,55.767,462.61,60.402,611.9,54.74,953.27,60.864,267.45,40,490.67,61.3,578.06,68,490.67,61.3,136.63,68,462.61,60.402,138.05,27.841,0,0
224,08:00:00.000,56.000,462.61,60.402,611.9,54.74,953.27,60.864,267.45,40,490.67,61.3,578.06,68,490.67,61.3,136.63,68,462.61,60.402,138.05,27.841,0,0
225,08:16:00.000,56.267,462.61,60.402,611.9,54.74,953.27,60.864,267.45,40,490.67,61.3,578.06,68,490.67,61.3,136.63,68,462.61,60.402,138.05,27.841,0,0
226,08:30:00.000,56.500,462.61,60.402,611.9,54.74,953.27,60.864,267.45,40,490.67,61.3,578.06,68,490.67,61.3,136.63,68,462.61,60.402,138.05,27.841,0,0
227,08:46:00.000,56.767,462.61,60.402,611.9,54.74,953.27,60.864,267.45,40,490.67,61.3,578.06,68,490.67,61.3,136.63,68,462.61,60.402,138.05,27.841,0,0
228,09:00:00.000,57.000,462.61,60.402,611.9,54.74,953.27,60.864,267.45,40,490.67,61.3,578.06,68,490.67,61.3,136.63,68,462.61,60.402,138.05,27.841,0,0
229,09:16:00.000,57.267,462.61,60.402,611.9,54.74,953.27,60.864,267.45,40,490.67,61.3,578.06,68,490.67,61.3,136.63,68,462.61,60.402,138.05,27.841,0,0
230,09:30:00.000,57.500,462.61,60.402,611.9,54.74,953.27,60.864,267.45,40,490.67,61.3,578.06,68,490.67,61.3,136.63,68,462.61,60.402,138.05,27.841,0,0
231,09:46:00.000,57.767,462.61,60.402,611.9,54.74,953.27,60.864,267.45,40,490.67,61.3,578.06,68,490.67,61.3,136.63,68,462.61,60.402,138.05,27.841,0,0
232,10:00:00.000,58.000,462.61,60.402,611.9,54.74,953.27,60.864,267.45,40,490.67,61.3,578.06,68,490.67,61.3,136.63,68,462.61,60.402,138.05,27.841,0,0
233,10:16:00.000,58.267,462.61,60.402,611.9,54.74,953.27,60.864,267.45,40,490.67,61.3,578.06,68,490.67,61.3,136.63,68,462.61,60.402,138.05,27.841,0,0
234,10:30:00.000,58.500,462.61,60.402,611.9,54.74,953.27,60.864,267.45,40,490.67,61.3,578.06,68,490.67,61.3,136.63,68,462.61,60.402,138.05,27.841,0,0
235,10:46:00.000,58.767,462.61,60.402,611.9,54.74,953.27,60.864,267.45,40,490.67,61.3,578.06,68,490.67,61.3,136.63,68,462.61,60.402,138.05,27.841,0,0
236,11:00:00.000,59.000,462.61,60.402,611.9,54.74,953.27,60.864,267.45,40,490.67,61.3,578.06,68,490.67,61.3,136.63,68,462.61,60.402,138.05,27.841,0,0
237,11:16:00.000,59.267,462.61,60.402,611.9,54.74,953.27,60.864,267.45,40,490.67,61.3,578.06,68,490.67,61.3,136.63,68,462.61,60.402,138.05,27.841,0,0
238,11:30:00.000,59.500,462.61,60.402,611.9,54.74,953.27,60.864,267.45,40,490.67,61.3,578.06,68,490.67,61.3,136.63,68,462.61,60.402,138.05,27.841,0,0
239,11:46:00.000,59.767,462.61,60.402,611.9,54.74,953.27,60.864,267.45,40,490.67,61.3,578.06,68,490.67,61.3,136.63,68,462.61,60.402,138.05,27.841,0,0
240,12:00:00.000,60.000,462.61,60.402,611.9,54.74,953.27,60.864,267.45,40,490.67,61.3,578.06,68,490.67,61.3,136.63,68,462.61,60.402,138.05,27.841,0,0
241,12:16:00.000,60.267,462.61,60.402,611.9,54.74,953.27,60.864,267.45,40,490.67,61.3,578.06,68,490.67,61.3,136.63,68,462.61,60.402,138.05,27.841,0,0
242,12:30:00.000,60.500,462.61,60.402,611.9,54.74,953.27,60.864,267.45,40,490.67,61.3,578.06,68,490.67,61.3,136.63,68,462.61,60.402,138.05,27.841,0,0
243,12:46:00.000,60.767,462.61,60.402,611.9,54.74,953.27,60.864,267.45,40,490.67,61.3,578.06,68,490.67,61.3,136.63,68,462.61,60.402,138.05,27.841,0,0
244,13:00:00.000,61.000,462.61,60.402,611.9,54.74,953.27,60.864,267.45,40,490.67,61.3,578.06,68,490.67,61.3,136.63,68,462.61,60.402,138.05,27.841,0,0
245,13:16:00.000,61.267,462.61,60.402,611.9,54.74,953.27,60.864,267.45,40,490.67,61.3,578.06,68,490.67,61.3,136.63,68,462.61,60.402,138.05,27.841,0,0
246,13:30:00.000,61.500,462.61,60.402,611.9,54.74,953.27,60.864,267.45,40,490.67,61.3,578.06,68,490.67,61.3,136.63,68,462.61,60.402,138.05,27.841,0,0
247,13:46:00.000,61.767,462.61,60.402,611.9,54.74,953.27,60.864,267.45,40,490.67,61.3,578.06,68,490.67,61.3,136.63,68,462.61,60.402,138.05,27.841,0,0
248,14:00:00.000,62.000,462.61,60.402,611.9,54.74,953.27,60.864,267.45,40,490.67,61.3,578.06,68,490.67,61.3,136.63,68,462.61,60.402,138.05,27.841,0,0
249,14:16:00.000,62.267,462.61,60.402,611.9,54.74,953.27,60.864,267.45,40,490.67,61.3,578.06,68,490.67,61.3,136.63,68,462.61,60.402,138.05,27.841,0,0
250,14:30:00.000,62.500,462.61,60.402,611.9,54.74,953.27,60.864,267.45,40,490.67,61.3,578.06,68,490.67,61.3,136.63,68,462.61,60.402,138.05,27.841,0,0
251,14:46:00.000,62.767,462.61,60.402,611.9,54.74,953.27,60.864,267.45,40,490.67,61.3,578.06,68,490.67,61.3,136.63,68,462.61,60.402,138.05,27.841,0,0
252,15:00:00.000,63.000,462.61,60.402,611.9,54.74,953.27,60.864,267.45,40,490.67,61.3,578.06,68,490.67,61.3,136.63,68,462.61,60.402,138.05,27.841,0,0
253,15:16:00.000,63.267,462.61,60.402,611.9,54.74,953.27,60.864,267.45,40,490.67,61.3,578.06,68,490.67,61.3,136.63,68,462.61,60.402,138.05,27.841,0,0
254,15:30:00.000,63.500,462.61,60.402,611.9,54.74,953.27,60.864,267.45,40,490.67,61.3,578.06,68,490.67,61.3,136.63,68,462.61,60.402,138.05,27.841,0,0
255,15:46:00.000,63.767,462.61,60.402,611.9,54.74,953.27,60.864,267.45,40,490.67,61.3,578.06,68,490.67,61.3,136.63,68,462.61,60.402,138.05,27.841,0,0
256,16:00:00.000,64.000,462.61,60.402,611.9,54.74,953.27,60.864,267.45,40,490.67,61.3,578.06,68,490.67,61.3,136.63,68,462.61,60.402,138.05,27.841,0,0
257,16:16:00.000,64.267,462.61,60.402,611.9,54.74,953.27,60.864,267.45,40,490.67,61.3,578.06,68,490.67,61.3,136.63,68,462.61,60.402,138.05,27.841,0,0
258,16:30:00.000,64.500,462.61,60.402,611.9,54.74,953.27,60.864,267.45,40,490.67,61.3,578.06,68,490.67,61.3,136.63,68,462.61,60.402,138.05,27.841,0,0
259,16:46:00.000,64.767,462.61,60.402,611.9,54.74,953.27,60.864,267.45,40,490.67,61.3,578.06,68,490.67,61.3,136.63,68,462.61,60.402,138.05,27.841,0,0
260,17:00:00.000,65.000,462.61,60.402,611.9,54.74,953.27,60.864,267.45,40,490.67,61.3,578.06,68,490.67,61.3,136.63,68,462.61,60.402,138.05,27.841,0,0
261,17:16:00.000,65.267,462.61,60.402,611.9,54.74,953.27,60.864,267.45,40,490.67,61.3,578.06,68,490.67,61.3,136.63,68,462.61,60.402,138.05,27.841,0,0
262,17:30:00.000,65.500,462.61,60.402,611.9,54.74,953.27,60.864,267.45,40,490.67,61.3,578.06,68,490.67,61.3,136.63,68,462.61,60.402,138.05,27.841,0,0
263,17:46:00.000,65.767,462.61,60.402,611.9,54.74,953.27,60.864,267.45,40,490.67,61.3,578.06,68,490.67,61.3,136.63,68,462.61,60.402,138.05,27.841,0,0
264,18:00:00.000,66.000,462.61,60.402,611.9,54.74,953.27,60.864,267.45,40,490.67,61.3,578.06,68,490.67,61.3,136.63,68,462.61,60.402,138.05,27.841,0,0
265,18:16:00.000,66.267,462.61,60.402,611.9,54.74,953.27,60.864,267.45,40,490.67,61.3,578.06,68,490.67,61.3,136.63,68,462.61,60.402,138.05,27.841,0,0
266,18:30:00.000,66.500,462.61,60.402,611.9,54.74,953.27,60.864,267.45,40,490.67,61.3,578.06,68,490.67,61.3,136.63,68,462.61,60.402,138.05,27.841,0,0
267,18:46:00.000,66.767,462.61,60.402,611.9,54.74,953.27,60.864,267.45,40,490.67,61.3,578.06,68,490.67,61.3,136.63,68,462.61,60.402,138.05,27.841,0,0
268,19:00:00.000,67.000,462.61,60.402,611.9,54.74,953.27,60.864,267.45,40,490.67,61.3,578.06,68,490.67,61.3,136.63,68,462.61,60.402,138.05,27.841,0,0
269,19:16:00.000,67.267,462.61,60.402,611.9,54.74,953.27,60.864,267.45,40,490.67,61.3,578.06,68,490.67,61.3,136.63,68,462.61,60.402,138.05,27.841,0,0
270,19:30:00.000,67.500,462.61,60.402,611.9,54.74,953.27,60.864,267.45,40,490.67,61.3,578.06,68,490.67,61.3,136.63,68,462.61,60.402,138.05,27.841,0,0
271,19:46:00.000,67.767,462.61,60.402,611.9,54.74,953.27,60.864,267.45,40,490.67,61.3,578.06,68,490.67,61.3,136.63,68,462.61,60.402,138.05,27.841,0,0
272,20:00:00.000,68.000,462.61,60.402,611.9,54.74,953.27,60.864,267.45,40,490.67,61.3,578.06,68,490.67,61.3,136.63,68,462.61,60.402,138.05,27.841,0,0
273,20:16:00.000,68.267,462.61,60.402,611.9,54.74,953.27,60.864,267.45,40,490.67,61.3,578.06,68,490.67,61.3,136.63,68,462.61,60.402,138.05,27.841,0,0
274,20:30:00.000,68.500,462.61,60.402,611.9,54.74,953.27,60.864,267.45,40,490.67,61.3,578.06,68,490.67,61.3,136.63,68,462.61,60.402,138.05,27.841,0,0
275,20:46:00.000,68.767,462.61,60.402,611.9,54.74,953.27,60.864,267.45,40,490.67,61.3,578.06,68,490.67,61.3,136.63,68,462.61,60.402,138.05,27.841,0,0
276,21:00:00.000,69.000,462.61,60.402,611.9,54.74,953.27,60.864,267.45,40,490.67,61.3,578.06,68,490.67,61.3,136.63,68,462.61,60.402,138.05,27.841,0,0
277,21:16:00.000,69.267,462.61,60.402,611.9,54.74,953.27,60.864,267.45,40,490.67,61.3,578.06,68,490.67,61.3,136.63,68,462.61,60.402,138.05,27.841,0,0
278,21:30:00.000,69.500,462.61,60.402,611.9,54.74,953.27,60.864,267.45,40,490.67,61.3,578.06,68,490.67,61.3,136.63,68,462.61,60.402,138.05,27.841,0,0
279,21:46:00.000,69.767,462.61,60.402,611.9,54.74,953.27,60.864,267.45,40,490.67,61.3,578.06,68,490.67,61.3,136.63,68,462.61,60.402,138.05,27.841,0,0
280,22:00:00.000,70.000,462.61,60.402,611.9,54.74,953.27,60.864,267.45,40,490.67,61.3,578.06,68,490.67,61.3,136.63,68,462.61,60.402,138.05,27.841,0,0
281,22:16:00.000,70.267,462.61,60.402,611.9,54.74,953.27,60.864,267.45,40,490.67,61.3,578.06,68,490.67,61.3,136.63,68,462.61,60.402,138.05,27.841,0,0
282,22:30:00.000,70.500,462.61,60.402,611.9,54.74,953.27,60.864,267.45,40,490.67,61.3,578.06,68,490.67,61.3,136.63,68,462.61,60.402,138.05,27.841,0,0
283,22:46:00.000,70.767,462.61,60.402,611.9,54.74,953.27,60.864,267.45,40,490.67,61.3,578.06,68,490.67,61.3,136.63,68,462.61,60.402,138.05,27.841,0,0
284,23:00:00.000,71.000,462.61,60.402,611.9,54.74,953.27,60.864,267.45,40,490.67,61.3,578.06,68,490.67,61.3,136.63,68,462.61,60.402,138.05,27.841,0,0
285,23:16:00.000,71.267,462.61,60.402,611.9,54.74,953.27,60.864,267.45,40,490.67,61.3,578.06,68,490.67,61.3,136.63,68,462.61,60.402,138.05,27.841,0,0
286,23:30:00.000,71.500,462.61,60.402,611.9,54.74,953.27,60.864,267.45,40,490.67,61.3,578.06,68,490.67,61.3,136.63,68,462.61,60.402,138.05,27.841,0,0
287,23:46:00.000,71.767,462.61,60.402,611.9,54.74,953.27,60.864,267.45,40,490.67,61.3,578.06,68,490.67,61.3,136.63,68,462.61,60.402,138.05,27.841,0,0
288,00:00:00.000,72.000,462.61,60.402,611.9,54.74,953.27,60.864,267.45,40,490.67,61.3,578.06,68,490.67,61.3,136.63,68,462.61,60.402,138.05,27.841,0,0
289,00:16:00.000,72.267,544.16,69.865,374.75,54.779,1146.7,70.114,227.44,39.999,602.53,70.34,344.7,68,602.53,70.34,136.78,68,544.11,69.865,147.09,27.471,0,0
290,00:30:00.000,72.500,544.16,69.865,374.75,54.779,1146.8,70.114,227.43,40,602.61,70.34,344.7,68,602.61,70.34,136.79,68,544.16,69.865,147.09,27.472,0,0
291,00:46:00.000,72.767,544.16,69.865,374.75,54.779,1146.8,70.114,227.43,40,602.62,70.34,344.7,68,602.62,70.34,136.79,68,544.17,69.865,147.09,27.473,0,0
292,01:00:00.000,73.000,544.16,69.865,374.75,54.779,1146.8,70.114,227.43,40,602.62,70.34,344.7,68,602.62,70.34,136.79,68,544.16,69.865,147.09,27.473,0,0
293,01:16:00.000,73.267,544.16,69.865,374.75,54.779,1146.8,70.114,227.43,40,602.62,70.34,344.7,68,602.62,70.34,136.79,68,544.16,69.865,147.09,27.473,0,0
294,01:30:00.000,73.500,544.16,69.865,374.75,54.779,1146.8,70.114,227.43,40,602.62,70.34,344.7,68,602.62,70.34,136.79,68,544.16,69.865,147.09,27.473,0,0
295,01:46:00.000,73.767,544.16,69.865,374.75,54.779,1146.8,70.114,227.43,40,602.62,70.34,344.7,68,602.62,70.34,136.79,68,544.16,69.865,147.09,27.473,0,0
296,02:00:00.000,74.000,544.16,69.865,374.75,54.779,1146.8,70.114,227.43,40,602.62,70.34,344.7,68,602.62,70.34,136.79,68,544.16,69.865,147.09,27.473,0,0
297,02:16:00.000,74.267,544.16,69.865,374.75,54.779,1146.8,70.114,227.43,40,602.62,70.34,344.7,68,602.62,70.34,136.79,68,544.16,69.865,147.09,27.473,0,0
298,02:30:00.000,74.500,544.16,69.865,374.75,54.779,1146.8,70.114,227.43,40,602.62,70.34,344.7,68,602.62,70.34,136.79,68,544.16,69.865,147.09,27.473,0,0
299,02:46:00.000,74.767,544.16,69.865,374.75,54.779,1146.8,70.114,227.43,40,602.62,70.34,344.7,68,602.62,70.34,136.79,68,544.16,69.865,147.09,27.473,0,0
300,03:00:00.000,75.000,544.16,69.865,374.75,54.779,1146.8,70.114,227.43,40,602.62,70.34,344.7,68,602.62,70.34,136.79,68,544.16,69.865,147.09,27.473,0,0
301,03:16:00.000,75.267,544.16,69.865,374.75,54.779,1146.8,70.114,227.43,40,602.62,70.34,344.7,68,602.62,70.34,136.79,68,544.16,69.865,147.09,27.473,0,0
302,03:30:00.000,75.500,544.16,69.865,374.75,54.779,1146.8,70.114,227.43,40,602.62,70.34,344.7,68,602.62,70.34,136.79,68,544.16,69.865,147.09,27.473,0,0
303,03:46:00.000,75.767,544.16,69.865,374.75,54.779,1146.8,70.114,227.43,40,602.62,70.34,344.7,68,602.62,70.34,136.79,68,544.16,69.865,147.09,27.473,0,0
304,04:00:00.000,76.000,544.16,69.865,374.75,54.779,1146.8,70.114,227.43,40,602.62,70.34,344.7,68,602.62,70.34,136.79,68,544.16,69.865,147.09,27.473,0,0
305,04:16:00.000,76.267,544.16,69.865,374.75,54.779,1146.8,70.114,227.43,40,602.62,70.34,344.7,68,602.62,70.34,136.79,68,544.16,69.865,147.09,27.473,0,0
306,04:30:00.000,76.500,544.16,69.865,374.75,54.779,1146.8,70.114,227.43,40,602.62,70.34,344.7,68,602.62,70.34,136.79,68,544.16,69.865,147.09,27.473,0,0
307,04:46:00.000,76.767,544.16,69.865,374.75,54.779,1146.8,70.114,227.43,40,602.62,70.34,344.7,68,602.62,70.34,136.79,68,544.16,69.865,147.09,27.473,0,0
308,05:00:00.000,77.000,544.16,69.865,374.75,54.779,1146.8,70.114,227.43,40,602.62,70.34,344.7,68,602.62,70.34,136.79,68,544.16,69.865,147.09,27.473,0,0
309,05:16:00.000,77.267,544.16,69.865,374.75,54.779,1146.8,70.114,227.43,40,602.62,70.34,344.7,68,602.62,70.34,136.79,68,544.16,69.865,147.09,27.473,0,0
310,05:30:00.000,77.500,544.16,69.865,374.75,54.779,1146.8,70.114,227.43,40,602.62,70.34,344.7,68,602.62,70.34,136.79,68,544.16,69.865,147.09,27.473,0,0
311,05:46:00.000,77.767,544.16,69.865,374.75,54.779,1146.8,70.114,227.43,40,602.62,70.34,344.7,68,602.62,70.34,136.79,68,544.16,69.865,147.09,27.473,0,0
312,06:00:00.000,78.000,544.16,69.865,374.75,54.779,1146.8,70.114,227.43,40,602.62,70.34,344.7,68,602.62,70.34,136.79,68,544.16,69.865,147.09,27.473,0,0
313,06:16:00.000,78.267,544.16,69.865,374.75,54.779,1146.8,70.114,227.43,40,602.62,70.34,344.7,68,602.62,70.34,136.79,68,544.16,69.865,147.09,27.473,0,0
314,06:30:00.000,78.500,544.16,69.865,374.75,54.779,1146.8,70.114,227.43,40,602.62,70.34,344.7,68,602.62,70.34,136.79,68,544.16,69.865,147.09,27.473,0,0
315,06:46:00.000,78.767,544.16,69.865,374.75,54.779,1146.8,70.114,227.43,40,602.62,70.34,344.7,68,602.62,70.34,136.79,68,544.16,69.865,147.09,27.473,0,0
316,07:00:00.000,79.000,544.16,69.865,374.75,54.779,1146.8,70.114,227.43,40,602.62,70.34,344.7,68,602.62,70.34,136.79,68,544.16,69.865,147.09,27.473,0,0
317,07:16:00.000,79.267,544.16,69.865,374.75,54.779,1146.8,70.114,227.43,40,602.62,70.34,344.7,68,602.62,70.34,136.79,68,544.16,69.865,147.09,27.473,0,0
318,07:30:00.000,79.500,544.16,69.865,374.75,54.779,1146.8,70.114,227.43,40,602.62,70.34,344.7,68,602.62,70.34,136.79,68,544.16,69.865,147.09,27.473,0,0
319,07:46:00.000,79.767,544.16,69.865,374.75,54.779,1146.8,70.114,227.43,40,602.62,70.34,344.7,68,602.62,70.34,136.79,68,544.16,69.865,147.09,27.473,0,0
320,08:00:00.000,80.000,544.16,69.865,374.75,54.779,1146.8,70.114,227.43,40,602.62,70.34,344.7,68,602.62,70.34,136.79,68,544.16,69.865,147.09,27.473,0,0
321,08:16:00.000,80.267,544.16,69.865,374.75,54.779,1146.8,70.114,227.43,40,602.62,70.34,344.7,68,602.62,70.34,136.79,68,544.16,69.865,147.09,27.473,0,0
322,08:30:00.000,80.500,544.16,69.865,374.75,54.779,1146.8,70.114,227.43,40,602.62,70.34,344.7,68,602.62,70.34,136.79,68,544.16,69.865,147.09,27.473,0,0
323,08:46:00.000,80.767,544.16,69.865,374.75,54.779,1146.8,70.114,227.43,40,602.62,70.34,344.7,68,602.62,70.34,136.79,68,544.16,69.865,147.09,27.473,0,0
324,09:00:00.000,81.000,544.16,69.865,374.75,54.779,1146.8,70.114,227.43,40,602.62,70.34,344.7,68,602.62,70.34,136.79,68,544.16,69.865,147.09,27.473,0,0
325,09:16:00.000,81.267,544.16,69.865,374.75,54.779,1146.8,70.114,227.43,40,602.62,70.34,344.7,68,602.62,70.34,136.79,68,544.16,69.865,147.09,27.473,0,0
326,09:30:00.000,81.500,544.16,69.865,374.75,54.779,1146.8,70.114,227.43,40,602.62,70.34,344.7,68,602.62,70.34,136.79,68,544.16,69.865,147.09,27.473,0,0
327,09:46:00.000,81.767,544.16,69.865,374.75,54.779,1146.8,70.114,227.43,40,602.62,70.34,344.7,68,602.62,70.34,136.79,68,544.16,69.865,147.09,27.473,0,0
328,10:00:00.000,82.000,544.16,69.865,374.75,54.779,1146.8,70.114,227.43,40,602.62,70.34,344.7,68,602.62,70.34,136.79,68,544.16,69.865,147.09,27.473,0,0
329,10:16:00.000,82.267,544.16,69.865,374.75,54.779,1146.8,70.114,227.43,40,602.62,70.34,344.7,68,602.62,70.34,136.79,68,544.16,69.865,147.09,27.473,0,0
330,10:30:00.000,82.500,544.16,69.865,374.75,54.779,1146.8,70.114,227.43,40,602.62,70.34,344.7,68,602.62,70.34,136.79,68,544.16,69.865,147.09,27.473,0,0
331,10:46:00.000,82.767,544.16,69.865,374.75,54.779,1146.8,70.114,227.43,40,602.62,70.34,344.7,68,602.62,70.34,136.79,68,544.16,69.865,147.09,27.473,0,0
332,11:00:00.000,83.000,544.16,69.865,374.75,54.779,1146.8,70.114,227.43,40,602.62,70.34,344.7,68,602.62,70.34,136.79,68,544.16,69.865,147.09,27.473,0,0
333,11:16:00.000,83.267,544.16,69.865,374.75,54.779,1146.8,70.114,227.43,40,602.62,70.34,344.7,68,602.62,70.34,136.79,68,544.16,69.865,147.09,27.473,0,0
334,11:30:00.000,83.500,544.16,69.865,374.75,54.779,1146.8,70.114,227.43,40,602.62,70.34,344.7,68,602.62,70.34,136.79,68,544.16,69.865,147.09,27.473,0,0
335,11:46:00.000,83.767,544.16,69.865,374.75,54.779,1146.8,70.114,227.43,40,602.62,70.34,344.7,68,602.62,70.34,136.79,68,544.16,69.865,147.09,27.473,0,0
336,12:00:00.000,84.000,544.16,69.865,374.75,54.779,1146.8,70.114,227.43,40,602.62,70.34,344.7,68,602.62,70.34,136.79,68,544.16,69.865,147.09,27.473,0,0
337,12:16:00.000,84.267,544.16,69.865,374.75,54.779,1146.8,70.114,227.43,40,602.62,70.34,344.7,68,602.62,70.34,136.79,68,544.16,69.865,147.09,27.473,0,0
338,12:30:00.000,84.500,544.16,69.865,374.75,54.779,1146.8,70.114,227.43,40,602.62,70.34,344.7,68,602.62,70.34,136.79,68,544.16,69.865,147.09,27.473,0,0
339,12:46:00.000,84.767,544.16,69.865,374.75,54.779,1146.8,70.114,227.43,40,602.62,70.34,344.7,68,602.62,70.34,136.79,68,544.16,69.865,147.09,27.473,0,0
340,13:00:00.000,85.000,544.16,69.865,374.75,54.779,1146.8,70.114,227.43,40,602.62,70.34,344.7,68,602.62,70.34,136.79,68,544.16,69.865,147.09,27.473,0,0
341,13:16:00.000,85.267,544.16,69.865,374.75,54.779,1146.8,70.114,227.43,40,602.62,70.34,344.7,68,602.62,70.34,136.79,68,544.16,69.865,147.09,27.473,0,0
342,13:30:00.000,85.500,544.16,69.865,374.75,54.779,1146.8,70.114,227.43,40,602.62,70.34,344.7,68,602.62,70.34,136.79,68,544.16,69.865,147.09,27.473,0,0
343,13:46:00.000,85.767,544.16,69.865,374.75,54.779,1146.8,70.114,227.43,40,602.62,70.34,344.7,68,602.62,70.34,136.79,68,544.16,69.865,147.09,27.473,0,0
344,14:00:00.000,86.000,544.16,69.865,374.75,54.779,1146.8,70.114,227.43,40,602.62,70.34,344.7,68,602.62,70.34,136.79,68,544.16,69.865,147.09,27.473,0,0
345,14:16:00.000,86.267,544.16,69.865,374.75,54.779,1146.8,70.114,227.43,40,602.62,70.34,344.7,68,602.62,70.34,136.79,68,544.16,69.865,147.09,27.473,0,0
346,14:30:00.000,86.500,544.16,69.865,374.75,54.779,1146.8,70.114,227.43,40,602.62,70.34,344.7,68,602.62,70.34,136.79,68,544.16,69.865,147.09,27.473,0,0
347,14:46:00.000,86.767,544.16,69.865,374.75,54.779,1146.8,70.114,227.43,40,602.62,70.34,344.7,68,602.62,70.34,136.79,68,544.16,69.865,147.09,27.473,0,0
348,15:00:00.000,87.000,544.16,69.865,374.75,54.779,1146.8,70.114,227.43,40,602.62,70.34,344.7,68,602.62,70.34,136.79,68,544.16,69.865,147.09,27.473,0,0
349,15:16:00.000,87.267,544.16,69.865,374.75,54.779,1146.8,70.114,227.43,40,602.62,70.34,344.7,68,602.62,70.34,136.79,68,544.16,69.865,147.09,27.473,0,0
350,15:30:00.000,87.500,544.16,69.865,374.75,54.779,1146.8,70.114,227.43,40,602.62,70.34,344.7,68,602.62,70.34,136.79,68,544.16,69.865,147.09,27.473,0,0
351,15:46:00.000,87.767,544.16,69.865,374.75,54.779,1146.8,70.114,227.43,40,602.62,70.34,344.7,68,602.62,70.34,136.79,68,544.16,69.865,147.09,27.473,0,0
352,16:00:00.000,88.000,544.16,69.865,374.75,54.779,1146.8,70.114,227.43,40,602.62,70.34,344.7,68,602.62,70.34,136.79,68,544.16,69.865,147.09,27.473,0,0
353,16:16:00.000,88.267,544.16,69.865,374.75,54.779,1146.8,70.114,227.43,40,602.62,70.34,344.7,68,602.62,70.34,136.79,68,544.16,69.865,147.09,27.473,0,0
354,16:30:00.000,88.500,544.16,69.865,374.75,54.779,1146.8,70.114,227.43,40,602.62,70.34,344.7,68,602.62,70.34,136.79,68,544.16,69.865,147.09,27.473,0,0
355,16:46:00.000,88.767,544.16,69.865,374.75,54.779,1146.8,70.114,227.43,40,602.62,70.34,344.7,68,602.62,70.34,136.79,68,544.16,69.865,147.09,27.473,0,0
356,17:00:00.000,89.000,544.16,69.865,374.75,54.779,1146.8,70.114,227.43,40,602.62,70.34,344.7,68,602.62,70.34,136.79,68,544.16,69.865,147.09,27.473,0,0
357,17:16:00.000,89.267,544.16,69.865,374.75,54.779,1146.8,70.114,227.43,40,602.62,70.34,344.7,68,602.62,70.34,136.79,68,544.16,69.865,147.09,27.473,0,0
358,17:30:00.000,89.500,544.16,69.865,374.75,54.779,1146.8,70.114,227.43,40,602.62,70.34,344.7,68,602.62,70.34,136.79,68,544.16,69.865,147.09,27.473,0,0
359,17:46:00.000,89.767,544.16,69.865,374.75,54.779,1146.8,70.114,227.43,40,602.62,70.34,344.7,68,602.62,70.34,136.79,68,544.16,69.865,147.09,27.473,0,0
360,18:00:00.000,90.000,544.16,69.865,374.75,54.779,1146.8,70.114,227.43,40,602.62,70.34,344.7,68,602.62,70.34,136.79,68,544.16,69.865,147.09,27.473,0,0
361,18:16:00.000,90.267,544.16,69.865,374.75,54.779,1146.8,70.114,227.43,40,602.62,70.34,344.7,68,602.62,70.34,136.79,68,544.16,69.865,147.09,27.473,0,0
362,18:30:00.000,90.500,544.16,69.865,374.75,54.779,1146.8,70.114,227.43,40,602.62,70.34,344.7,68,602.62,70.34,136.79,68,544.16,69.865,147.09,27.473,0,0
363,18:46:00.000,90.767,544.16,69.865,374.75,54.779,1146.8,70.114,227.43,40,602.62,70.34,344.7,68,602.62,70.34,136.79,68,544.16,69.865,147.09,27.473,0,0
364,19:00:00.000,91.000,544.16,69.865,374.75,54.779,1146.8,70.114,227.43,40,602.62,70.34,344.7,68,602.62,70.34,136.79,68,544.16,69.865,147.09,27.473,0,0
365,19:16:00.000,91.267,544.16,69.865,374.75,54.779,1146.8,70.114,227.43,40,602.62,70.34,344.7,68,602.62,70.34,136.79,68,544.16,69.865,147.09,27.473,0,0
366,19:30:00.000,91.500,544.16,69.865,374.75,54.779,1146.8,70.114,227.43,40,602.62,70.34,344.7,68,602.62,70.34,136.79,68,544.16,69.865,147.09,27.473,0,0
367,19:46:00.000,91.767,544.16,69.865,374.75,54.779,1146.8,70.114,227.43,40,602.62,70.34,344.7,68,602.62,70.34,136.79,68,544.16,69.865,147.09,27.473,0,0
368,20:00:00.000,92.000,544.16,69.865,374.75,54.779,1146.8,70.114,227.43,40,602.62,70.34,344.7,68,602.62,70.34,136.79,68,544.16,69.865,147.09,27.473,0,0
369,20:16:00.000,92.267,544.16,69.865,374.75,54.779,1146.8,70.114,227.43,40,602.62,70.34,344.7,68,602.62,70.34,136.79,68,544.16,69.865,147.09,27.473,0,0
370,20:30:00.000,92.500,544.16,69.865,374.75,54.779,1146.8,70.114,227.43,40,602.62,70.34,344.7,68,602.62,70.34,136.79,68,544.16,69.865,147.09,27.473,0,0
371,20:46:00.000,92.767,544.16,69.865,374.75,54.779,1146.8,70.114,227.43,40,602.62,70.34,344.7,68,602.62,70.34,136.79,68,544.16,69.865,147.09,27.473,0,0
372,21:00:00.000,93.000,544.16,69.865,374.75,54.779,1146.8,70.114,227.43,40,602.62,70.34,344.7,68,602.62,70.34,136.79,68,544.16,69.865,147.09,27.473,0,0
373,21:16:00.000,93.267,544.16,69.865,374.75,54.779,1146.8,70.114,227.43,40,602.62,70.34,344.7,68,602.62,70.34,136.79,68,544.16,69.865,147.09,27.473,0,0
374,21:30:00.000,93.500,544.16,69.865,374.75,54.779,1146.8,70.114,227.43,40,602.62,70.34,344.7,68,602.62,70.34,136.79,68,544.16,69.865,147.09,27.473,0,0
375,21:46:00.000,93.767,544.16,69.865,374.75,54.779,1146.8,70.114,227.43,40,602.62,70.34,344.7,68,602.62,70.34,136.79,68,544.16,69.865,147.09,27.473,0,0
376,22:00:00.000,94.000,544.16,69.865,374.75,54.779,1146.8,70.114,227.43,40,602.62,70.34,344.7,68,602.62,70.34,136.79,68,544.16,69.865,147.09,27.473,0,0
377,22:16:00.000,94.267,544.16,69.865,374.75,54.779,1146.8,70.114,227.43,40,602.62,70.34,344.7,68,602.62,70.34,136.79,68,544.16,69.865,147.09,27.473,0,0
378,22:30:00.000,94.500,544.16,69.865,374.75,54.779,1146.8,70.114,227.43,40,602.62,70.34,344.7,68,602.62,70.34,136.79,68,544.16,69.865,147.09,27.473,0,0
379,22:46:00.000,94.767,544.16,69.865,374.75,54.779,1146.8,70.114,227.43,40,602.62,70.34,344.7,68,602.62,70.34,136.79,68,544.16,69.865,147.09,27.473,0,0
380,23:00:00.000,95.000,544.16,69.865,374.75,54.779,1146.8,70.114,227.43,40,602.62,70.34,344.7,68,602.62,70.34,136.79,68,544.16,69.865,147.09,27.473,0,0
381,23:16:00.000,95.267,544.16,69.865,374.75,54.779,1146.8,70.114,227.43,40,602.62,70.34,344.7,68,602.62,70.34,136.79,68,544.16,69.865,147.09,27.473,0,0
382,23:30:00.000,95.500,544.16,69.865,374.75,54.779,1146.8,70.114,227.43,40,602.62,70.34,344.7,68,602.62,70.34,136.79,68,544.16,69.865,147.09,27.473,0,0
383,23:46:00.000,95.767,544.16,69.865,374.75,54.779,1146.8,70.114,227.43,40,602.62,70.34,344.7,68,602.62,70.34,136.79,68,544.16,69.865,147.09,27.473,0,0
384,00:00:00.000,96.000,544.16,69.865,374.75,54.779,1146.8,70.114,227.43,40,602.62,70.34,344.7,68,602.62,70.34,136.79,68,544.16,69.865,147.09,27.473,0,0
385,00:16:00.000,96.267,568.31,68.249,442.78,54.789,1233.5,66.12,259.19,40.945,665.18,64.3,395.63,68,665.18,64.3,135.35,68,568.2,68.247,141.39,27.933,0,0
386,00:30:00.000,96.500,568.31,68.249,442.78,54.789,1233.7,66.121,259.15,40.948,665.37,64.304,395.6,68,665.37,64.304,135.35,68,568.32,68.249,141.39,27.936,0,0
387,00:46:00.000,96.767,568.31,68.249,442.78,54.789,1233.7,66.121,259.15,40.948,665.37,64.304,395.6,68,665.37,64.304,135.35,68,568.32,68.249,141.39,27.936,0,0
388,01:00:00.000,97.000,568.31,68.249,442.78,54.789,1233.7,66.121,259.15,40.948,665.36,64.304,395.6,68,665.36,64.304,135.35,68,568.31,68.249,141.39,27.936,0,0
389,01:16:00.000,97.267,568.31,68.249,442.78,54.789,1233.7,66.121,259.15,40.948,665.36,64.304,395.6,68,665.36,64.304,135.35,68,568.31,68.249,141.39,27.936,0,0
390,01:30:00.000,97.500,568.31,68.249,442.78,54.789,1233.7,66.121,259.15,40.948,665.36,64.304,395.6,68,665.36,64.304,135.35,68,568.31,68.249,141.39,27.936,0,0
391,01:46:00.000,97.767,568.31,68.249,442.78,54.789,1233.7,66.121,259.15,40.948,665.36,64.304,395.6,68,665.36,64.304,135.35,68,568.31,68.249,141.39,27.936,0,0
392,02:00:00.000,98.000,568.31,68.249,442.78,54.789,1233.7,66.121,259.15,40.948,665.36,64.304,395.6,68,665.36,64.304,135.35,68,568.31,68.249,141.39,27.936,0,0
393,02:16:00.000,98.267,568.31,68.249,442.78,54.789,1233.7,66.121,259.15,40.948,665.36,64.304,395.6,68,665.36,64.304,135.35,68,568.31,68.249,141.39,27.936,0,0
394,02:30:00.000,98.500,568.31,68.249,442.78,54.789,1233.7,66.121,259.15,40.948,665.36,64.304,395.6,68,665.36,64.304,135.35,68,568.31,68.249,141.39,27.936,0,0
395,02:46:00.000,98.767,568.31,68.249,442.78,54.789,1233.7,66.121,259.15,40.948,665.36,64.304,395.6,68,665.36,64.304,135.35,68,568.31,68.249,141.39,27.936,0,0
396,03:00:00.000,99.000,568.31,68.249,442.78,54.789,1233.7,66.121,259.15,40.948,665.36,64.304,395.6,68,665.36,64.304,135.35,68,568.31,68.249,141.39,27.936,0,0
397,03:16:00.000,99.267,568.31,68.249,442.78,54.789,1233.7,66.121,259.15,40.948,665.36,64.304,395.6,68,665.36,64.304,135.35,68,568.31,68.249,141.39,27.936,0,0
398,03:30:00.000,99.500,568.31,68.249,442.78,54.789,1233.7,66.121,259.15,40.948,665.36,64.304,395.6,68,665.36,64.304,135.35,68,568.31,68.249,141.39,27.936,0,0
399,03:46:00.000,99.767,568.31,68.249,442.78,54.789,1233.7,66.121,259.15,40.948,665.36,64.304,395.6,68,665.36,64.304,135.35,68,568.31,68.249,141.39,27.936,0,0
400,04:00:00.000,100.000,568.31,68.249,442.78,54.789,1233.7,66.121,259.15,40.948,665.36,64.304,395.6,68,665.36,64.304,135.35,68,568.31,68.249,141.39,27.936,0,0
401,04:16:00.000,100.267,568.31,68.249,442.78,54.789,1233.7,66.121,259.15,40.948,665.36,64.304,395.6,68,665.36,64.304,135.35,68,568.31,68.249,141.39,27.936,0,0
402,04:30:00.000,100.500,568.31,68.249,442.78,54.789,1233.7,66.121,259.15,40.948,665.36,64.304,395.6,68,665.36,64.304,135.35,68,568.31,68.249,141.39,27.936,0,0
403,04:46:00.000,100.767,568.31,68.249,442.78,54.789,1233.7,66.121,259.15,40.948,665.36,64.304,395.6,68,665.36,64.304,135.35,68,568.31,68.249,141.39,27.936,0,0
404,05:00:00.000,101.000,568.31,68.249,442.78,54.789,1233.7,66.121,259.15,40.948,665.36,64.304,395.6,68,665.36,64.304,135.35,68,568.31,68.249,141.39,27.936,0,0
405,05:16:00.000,101.267,568.31,68.249,442.78,54.789,1233.7,66.121,259.15,40.948,665.36,64.304,395.6,68,665.36,64.304,135.35,68,568.31,68.249,141.39,27.936,0,0
406,05:30:00.000,101.500,568.31,68.249,442.78,54.789,1233.7,66.121,259.15,40.948,665.36,64.304,395.6,68,665.36,64.304,135.35,68,568.31,68.249,141.39,27.936,0,0
407,05:46:00.000,101.767,568.31,68.249,442.78,54.789,1233.7,66.121,259.15,40.948,665.36,64.304,395.6,68,665.36,64.304,135.35,68,568.31,68.249,141.39,27.936,0,0
408,06:00:00.000,102.000,568.31,68.249,442.78,54.789,1233.7,66.121,259.15,40.948,665.36,64.304,395.6,68,665.36,64.304,135.35,68,568.31,68.249,141.39,27.936,0,0
409,06:16:00.000,102.267,568.31,68.249,442.78,54.789,1233.7,66.121,259.15,40.948,665.36,64.304,395.6,68,665.36,64.304,135.35,68,568.31,68.249,141.39,27.936,0,0
410,06:30:00.000,102.500,568.31,68.249,442.78,54.789,1233.7,66.121,259.15,40.948,665.36,64.304,395.6,68,665.36,64.304,135.35,68,568.31,68.249,141.39,27.936,0,0
411,06:46:00.000,102.767,568.31,68.249,442.78,54.789,1233.7,66.121,259.15,40.948,665.36,64.304,395.6,68,665.36,64.304,135.35,68,568.31,68.249,141.39,27.936,0,0
412,07:00:00.000,103.000,568.31,68.249,442.78,54.789,1233.7,66.121,259.15,40.948,665.36,64.304,395.6,68,665.36,64.304,135.35,68,568.31,68.249,141.39,27.936,0,0
413,07:16:00.000,103.267,568.31,68.249,442.78,54.789,1233.7,66.121,259.15,40.948,665.36,64.304,395.6,68,665.36,64.304,135.35,68,568.31,68.249,141.39,27.936,0,0
414,07:30:00.000,103.500,568.31,68.249,442.78,54.789,1233.7,66.121,259.15,40.948,665.36,64.304,395.6,68,665.36,64.304,135.35,68,568.31,68.249,141.39,27.936,0,0
415,07:46:00.000,103.767,568.31,68.249,442.78,54.789,1233.7,66.121,259.15,40.948,665.36,64.304,395.6,68,665.36,64.304,135.35,68,568.31,68.249,141.39,27.936,0,0
416,08:00:00.000,104.000,568.31,68.249,442.78,54.789,1233.7,66.121,259.15,40.948,665.36,64.304,395.6,68,665.36,64.304,135.35,68,568.31,68.249,141.39,27.936,0,0
417,08:16:00.000,104.267,568.31,68.249,442.78,54.789,1233.7,66.121,259.15,40.948,665.36,64.304,395.6,68,665.36,64.304,135.35,68,568.31,68.249,141.39,27.936,0,0
418,08:30:00.000,104.500,568.31,68.249,442.78,54.789,1233.7,66.121,259.15,40.948,665.36,64.304,395.6,68,665.36,64.304,135.35,68,568.31,68.249,141.39,27.936,0,0
419,08:46:00.000,104.767,568.31,68.249,442.78,54.789,1233.7,66.121,259.15,40.948,665.36,64.304,395.6,68,665.36,64.304,135.35,68,568.31,68.249,141.39,27.936,0,0
420,09:00:00.000,105.000,568.31,68.249,442.78,54.789,1233.7,66.121,259.15,40.948,665.36,64.304,395.6,68,665.36,64.304,135.35,68,568.31,68.249,141.39,27.936,0,0
421,09:16:00.000,105.267,568.31,68.249,442.78,54.789,1233.7,66.121,259.15,40.948,665.36,64.304,395.6,68,665.36,64.304,135.35,68,568.31,68.249,141.39,27.936,0,0
422,09:30:00.000,105.500,568.31,68.249,442.78,54.789,1233.7,66.121,259.15,40.948,665.36,64.304,395.6,68,665.36,64.304,135.35,68,568.31,68.249,141.39,27.936,0,0
423,09:46:00.000,105.767,568.31,68.249,442.78,54.789,1233.7,66.121,259.15,40.948,665.36,64.304,395.6,68,665.36,64.304,135.35,68,568.31,68.249,141.39,27.936,0,0
424,10:00:00.000,106.000,568.31,68.249,442.78,54.789,1233.7,66.121,259.15,40.948,665.36,64.304,395.6,68,665.36,64.304,135.35,68,568.31,68.249,141.39,27.936,0,0
425,10:16:00.000,106.267,568.31,68.249,442.78,54.789,1233.7,66.121,259.15,40.948,665.36,64.304,395.6,68,665.36,64.304,135.35,68,568.31,68.249,141.39,27.936,0,0
426,10:30:00.000,106.500,568.31,68.249,442.78,54.789,1233.7,66.121,259.15,40.948,665.36,64.304,395.6,68,665.36,64.304,135.35,68,568.31,68.249,141.39,27.936,0,0
427,10:46:00.000,106.767,568.31,68.249,442.78,54.789,1233.7,66.121,259.15,40.948,665.36,64.304,395.6,68,665.36,64.304,135.35,68,568.31,68.249,141.39,27.936,0,0
428,11:00:00.000,107.000,568.31,68.249,442.78,54.789,1233.7,66.121,259.15,40.948,665.36,64.304,395.6,68,665.36,64.304,135.35,68,568.31,68.249,141.39,27.936,0,0
429,11:16:00.000,107.267,568.31,68.249,442.78,54.789,1233.7,66.121,259.15,40.948,665.36,64.304,395.6,68,665.36,64.304,135.35,68,568.31,68.249,141.39,27.936,0,0
430,11:30:00.000,107.500,568.31,68.249,442.78,54.789,1233.7,66.121,259.15,40.948,665.36,64.304,395.6,68,665.36,64.304,135.35,68,568.31,68.249,141.39,27.936,0,0
431,11:46:00.000,107.767,568.31,68.249,442.78,54.789,1233.7,66.121,259.15,40.948,665.36,64.304,395.6,68,665.36,64.304,135.35,68,568.31,68.249,141.39,27.936,0,0
432,12:00:00.000,108.000,568.31,68.249,442.78,54.789,1233.7,66.121,259.15,40.948,665.36,64.304,395.6,68,665.36,64.304,135.35,68,568.31,68.249,141.39,27.936,0,0
433,12:16:00.000,108.267,568.31,68.249,442.78,54.789,1233.7,66.121,259.15,40.948,665.36,64.304,395.6,68,665.36,64.304,135.35,68,568.31,68.249,141.39,27.936,0,0
434,12:30:00.000,108.500,568.31,68.249,442.78,54.789,1233.7,66.121,259.15,40.948,665.36,64.304,395.6,68,665.36,64.304,135.35,68,568.31,68.249,141.39,27.936,0,0
435,12:46:00.000,108.767,568.31,68.249,442.78,54.789,1233.7,66.121,259.15,40.948,665.36,64.304,395.6,68,665.36,64.304,135.35,68,568.31,68.249,141.39,27.936,0,0
436,13:00:00.000,109.000,568.31,68.249,442.78,54.789,1233.7,66.121,259.15,40.948,665.36,64.304,395.6,68,665.36,64.304,135.35,68,568.31,68.249,141.39,27.936,0,0
437,13:16:00.000,109.267,568.31,68.249,442.78,54.789,1233.7,66.121,259.15,40.948,665.36,64.304,395.6,68,665.36,64.304,135.35,68,568.31,68.249,141.39,27.936,0,0
438,13:30:00.000,109.500,568.31,68.249,442.78,54.789,1233.7,66.121,259.15,40.948,665.36,64.304,395.6,68,665.36,64.304,135.35,68,568.31,68.249,141.39,27.936,0,0
439,13:46:00.000,109.767,568.31,68.249,442.78,54.789,1233.7,66.121,259.15,40.948,665.36,64.304,395.6,68,665.36,64.304,135.35,68,568.31,68.249,141.39,27.936,0,0
440,14:00:00.000,110.000,568.31,68.249,442.78,54.789,1233.7,66.121,259.15,40.948,665.36,64.304,395.6,68,665.36,64.304,135.35,68,568.31,68.249,141.39,27.936,0,0
441,14:16:00.000,110.267,568.31,68.249,442.78,54.789,1233.7,66.121,259.15,40.948,665.36,64.304,395.6,68,665.36,64.304,135.35,68,568.31,68.249,141.39,27.936,0,0
442,14:30:00.000,110.500,568.31,68.249,442.78,54.789,1233.7,66.121,259.15,40.948,665.36,64.304,395.6,68,665.36,64.304,135.35,68,568.31,68.249,141.39,27.936,0,0
443,14:46:00.000,110.767,568.31,68.249,442.78,54.789,1233.7,66.121,259.15,40.948,665.36,64.304,395.6,68,665.36,64.304,135.35,68,568.31,68.249,141.39,27.936,0,0
444,15:00:00.000,111.000,568.31,68.249,442.78,54.789,1233.7,66.121,259.15,40.948,665.36,64.304,395.6,68,665.36,64.304,135.35,68,568.31,68.249,141.39,27.936,0,0
445,15:16:00.000,111.267,568.31,68.249,442.78,54.789,1233.7,66.121,259.15,40.948,665.36,64.304,395.6,68,665.36,64.304,135.35,68,568.31,68.249,141.39,27.936,0,0
446,15:30:00.000,111.500,568.31,68.249,442.78,54.789,1233.7,66.121,259.15,40.948,665.36,64.304,395.6,68,665.36,64.304,135.35,68,568.31,68.249,141.39,27.936,0,0
447,15:46:00.000,111.767,568.31,68.249,442.78,54.789,1233.7,66.121,259.15,40.948,665.36,64.304,395.6,68,665.36,64.304,135.35,68,568.31,68.249,141.39,27.936,0,0
448,16:00:00.000,112.000,568.31,68.249,442.78,54.789,1233.7,66.121,259.15,40.948,665.36,64.304,395.6,68,665.36,64.304,135.35,68,568.31,68.249,141.39,27.936,0,0
449,16:16:00.000,112.267,568.31,68.249,442.78,54.789,1233.7,66.121,259.15,40.948,665.36,64.304,395.6,68,665.36,64.304,135.35,68,568.31,68.249,141.39,27.936,0,0
450,16:30:00.000,112.500,568.31,68.249,442.78,54.789,1233.7,66.121,259.15,40.948,665.36,64.304,395.6,68,665.36,64.304,135.35,68,568.31,68.249,141.39,27.936,0,0
451,16:46:00.000,112.767,568.31,68.249,442.78,54.789,1233.7,66.121,259.15,40.948,665.36,64.304,395.6,68,665.36,64.304,135.35,68,568.31,68.249,141.39,27.936,0,0
452,17:00:00.000,113.000,568.31,68.249,442.78,54.789,1233.7,66.121,259.15,40.948,665.36,64.304,395.6,68,665.36,64.304,135.35,68,568.31,68.249,141.39,27.936,0,0
453,17:16:00.000,113.267,568.31,68.249,442.78,54.789,1233.7,66.121,259.15,40.948,665.36,64.304,395.6,68,665.36,64.304,135.35,68,568.31,68.249,141.39,27.936,0,0
454,17:30:00.000,113.500,568.31,68.249,442.78,54.789,1233.7,66.121,259.15,40.948,665.36,64.304,395.6,68,665.36,64.304,135.35,68,568.31,68.249,141.39,27.936,0,0
455,17:46:00.000,113.767,568.31,68.249,442.78,54.789,1233.7,66.121,259.15,40.948,665.36,64.304,395.6,68,665.36,64.304,135.35,68,568.31,68.249,141.39,27.936,0,0
456,18:00:00.000,114.000,568.31,68.249,442.78,54.789,1233.7,66.121,259.15,40.948,665.36,64.304,395.6,68,665.36,64.304,135.35,68,568.31,68.249,141.39,27.936,0,0
457,18:16:00.000,114.267,568.31,68.249,442.78,54.789,1233.7,66.121,259.15,40.948,665.36,64.304,395.6,68,665.36,64.304,135.35,68,568.31,68.249,141.39,27.936,0,0
458,18:30:00.000,114.500,568.31,68.249,442.78,54.789,1233.7,66.121,259.15,40.948,665.36,64.304,395.6,68,665.36,64.304,135.35,68,568.31,68.249,141.39,27.936,0,0
459,18:46:00.000,114.767,568.31,68.249,442.78,54.789,1233.7,66.121,259.15,40.948,665.36,64.304,395.6,68,665.36,64.304,135.35,68,568.31,68.249,141.39,27.936,0,0
460,19:00:00.000,115.000,568.31,68.249,442.78,54.789,1233.7,66.121,259.15,40.948,665.36,64.304,395.6,68,665.36,64.304,135.35,68,568.31,68.249,141.39,27.936,0,0
461,19:16:00.000,115.267,568.31,68.249,442.78,54.789,1233.7,66.121,259.15,40.948,665.36,64.304,395.6,68,665.36,64.304,135.35,68,568.31,68.249,141.39,27.936,0,0
462,19:30:00.000,115.500,568.31,68.249,442.78,54.789,1233.7,66.121,259.15,40.948,665.36,64.304,395.6,68,665.36,64.304,135.35,68,568.31,68.249,141.39,27.936,0,0
463,19:46:00.000,115.767,568.31,68.249,442.78,54.789,1233.7,66.121,259.15,40.948,665.36,64.304,395.6,68,665.36,64.304,135.35,68,568.31,68.249,141.39,27.936,0,0
464,20:00:00.000,116.000,568.31,68.249,442.78,54.789,1233.7,66.121,259.15,40.948,665.36,64.304,395.6,68,665.36,64.304,135.35,68,568.31,68.249,141.39,27.936,0,0
465,20:16:00.000,116.267,568.31,68.249,442.78,54.789,1233.7,66.121,259.15,40.948,665.36,64.304,395.6,68,665.36,64.304,135.35,68,568.31,68.249,141.39,27.936,0,0
466,20:30:00.000,116.500,568.31,68.249,442.78,54.789,1233.7,66.121,259.15,40.948,665.36,64.304,395.6,68,665.36,64.304,135.35,68,568.31,68.249,141.39,27.936,0,0
467,20:46:00.000,116.767,568.31,68.249,442.78,54.789,1233.7,66.121,259.15,40.948,665.36,64.304,395.6,68,665.36,64.304,135.35,68,568.31,68.249,141.39,27.936,0,0
468,21:00:00.000,117.000,568.31,68.249,442.78,54.789,1233.7,66.121,259.15,40.948,665.36,64.304,395.6,68,665.36,64.304,135.35,68,568.31,68.249,141.39,27.936,0,0
469,21:16:00.000,117.267,568.31,68.249,442.78,54.789,1233.7,66.121,259.15,40.948,665.36,64.304,395.6,68,665.36,64.304,135.35,68,568.31,68.249,141.39,27.936,0,0
470,21:30:00.000,117.500,568.31,68.249,442.78,54.789,1233.7,66.121,259.15,40.948,665.36,64.304,395.6,68,665.36,64.304,135.35,68,568.31,68.249,141.39,27.936,0,0
471,21:46:00.000,117.767,568.31,68.249,442.78,54.789,1233.7,66.121,259.15,40.948,665.36,64.304,395.6,68,665.36,64.304,135.35,68,568.31,68.249,141.39,27.936,0,0
472,22:00:00.000,118.000,568.31,68.249,442.78,54.789,1233.7,66.121,259.15,40.948,665.36,64.304,395.6,68,665.36,64.304,135.35,68,568.31,68.249,141.39,27.936,0,0
473,22:16:00.000,118.267,568.31,68.249,442.78,54.789,1233.7,66.121,259.15,40.948,665.36,64.304,395.6,68,665.36,64.304,135.35,68,568.31,68.249,141.39,27.936,0,0
474,22:30:00.000,118.500,568.31,68.249,442.78,54.789,1233.7,66.121,259.15,40.948,665.36,64.304,395.6,68,665.36,64.304,135.35,68,568.31,68.249,141.39,27.936,0,0
475,22:46:00.000,118.767,568.31,68.249,442.78,54.789,1233.7,66.121,259.15,40.948,665.36,64.304,395.6,68,665.36,64.304,135.35,68,568.31,68.249,141.39,27.936,0,0
476,23:00:00.000,119.000,568.31,68.249,442.78,54.789,1233.7,66.121,259.15,40.948,665.36,64.304,395.6,68,665.36,64.304,135.35,68,568.31,68.249,141.39,27.936,0,0
477,23:16:00.000,119.267,544.16,69.865,374.75,54.779,1146.6,70.115,227.45,40,602.41,70.34,344.73,68,602.41,70.34,136.78,68,544.02,69.865,147.09,27.472,0,0
478,23:30:00.000,119.500,544.16,69.865,374.75,54.779,1146.8,70.114,227.43,40,602.61,70.34,344.69,68,602.61,70.34,136.79,68,544.16,69.865,147.09,27.472,0,0
479,23:46:00.000,119.767,544.16,69.865,374.75,54.779,1146.8,70.114,227.43,40,602.62,70.34,344.7,68,602.62,70.34,136.79,68,544.17,69.865,147.09,27.473,0,0
480,00:00:00.000,120.000,544.16,69.865,374.75,54.779,1146.8,70.114,227.43,40,602.62,70.34,344.7,68,602.62,70.34,136.79,68,544.16,69.865,147.09,27.473,0,0
