log_id,equipment_id,maintenance_date,maintenance_type,work_order_type,description,technician,parts_replaced,downtime_hours,cost_usd,status,condition_after
WO-2026-0814,SP_001,2026-07-23,Corrective,CM-01,Replaced throatbush and impeller rubber wear liner due to severe phosphate slurry erosion.,Marcus Vance (Lead Mechanical),Warman AH 8/6 Throatbush (L-8083) & Rubber Liner,5.5,4200,Completed,Fair - wear liner due
WO-2026-0610,SP_001,2026-06-12,Preventive,PM-04,Quarterly slurry pump wet-end inspection & gland seal water packing flush.,David Thorne (Mechanical Specialist),Gland Seal Packing Ring Set & Mechanical Seal Kit,2.0,850,Completed,Optimal
WO-2026-0315,SP_001,2026-03-20,Overhaul,PM-01,Annual major overhaul. Replaced drive shaft sleeve and heavy-duty roller bearings.,Sarah Lin (Reliability Lead),Shaft Sleeve (SS-12) & Heavy Duty Bearings (SKF 23230),12.0,14500,Completed,Optimal
WO-2025-1102,SP_001,2025-11-15,Condition-Based,CM-02,Vibration spike on drive end bearing (7.2 mm/s). Rebalanced pulley coupling.,Marcus Vance (Lead Mechanical),Drive Pulley Belt Set (V-100) & Alignment Shims,3.5,1200,Completed,Optimal
WO-2025-0720,SP_001,2025-07-20,Preventive,PM-03,Bi-annual casing liner inspection and clearance adjustment to 0.5mm.,David Thorne (Mechanical Specialist),Impeller Retaining Bolt & O-Rings,4.0,2100,Completed,Optimal
WO-2025-0210,SP_001,2025-02-10,Overhaul,PM-01,Scheduled overhaul of wet-end assembly. Replaced 5-vane high-head slurry impeller.,Sarah Lin (Reliability Lead),5-Vane Rubber Slurry Impeller (C-8056),10.5,12800,Completed,Optimal
WO-2024-0918,SP_001,2024-09-18,Corrective,CM-03,Suction pipe gasket blow-out causing slurry leakage. Installed high-pressure flange gasket.,Marcus Vance (Lead Mechanical),EPDM High-Pressure Flange Gasket 250mm,2.5,650,Completed,Optimal
WO-2026-0820,BM_001,2026-07-28,Condition-Based,CM-03,Trunnion bearing temp alert (68C). Cleaned lube oil filter & replenished synthetic lube.,Elena Rostova (Mill Specialist),High Viscosity Lube Oil (ISO VG 320) & Filter Element,4.0,2800,Completed,Fair - bearing monitored
WO-2026-0504,BM_001,2026-05-10,Preventive,PM-02,Bi-monthly liner bolt torque check and charge ball addition (15 tons forged 80mm steel balls).,Thomas Wright (Mill Maintenance),80mm Forged Grinding Balls (15t) & Torqued Bolts,8.0,18500,Completed,Optimal
WO-2026-0118,BM_001,2026-01-22,Overhaul,PM-01,Scheduled relining of shell discharge grates and pinion drive alignment check.,Elena Rostova (Mill Specialist),Rubber Shell Liners & Discharge Grate Segment,36.0,82000,Completed,Optimal
WO-2025-0812,BM_001,2025-08-18,Preventive,PM-04,Girth gear spray lubrication system inspection and acoustic ultrasonic wear test.,Thomas Wright (Mill Maintenance),Lube Nozzle Assembly & Solenoid Valve,3.0,1100,Completed,Optimal
WO-2025-0305,BM_001,2025-03-05,Condition-Based,CM-01,Acoustic noise spike on main drive gearbox. Flushed gear oil and replaced magnetic drain plug.,Elena Rostova (Mill Specialist),Gearbox Filter Element & Shell Omala S4 Oil 400L,6.0,6400,Completed,Optimal
WO-2024-1110,BM_001,2024-11-10,Overhaul,PM-01,Full ball mill shell liner replacement and trunnion seal overhaul.,Thomas Wright (Mill Maintenance),High-Chrome Cast Steel Liners (72-piece set) & Trunnion Seals,48.0,125000,Completed,Optimal
WO-2024-0615,BM_001,2024-06-15,Preventive,PM-02,Added 20 tons forged steel grinding media (100mm/80mm mix) and inspected trunnion bearing pads.,Elena Rostova (Mill Specialist),Grinding Media Charge (20t),8.0,24000,Completed,Optimal
WO-2026-0719,CY_001_A,2026-07-19,Preventive,PM-03,Hydrocyclone Cluster A liner replacement. Replaced polyurethane vortex finder and apex spigot.,Antoine Dupont (Process Tech),Polyurethane Apex Spigot (CVX-500-APX) & Vortex Finder,3.0,1850,Completed,Good - liner replaced
WO-2026-0410,CY_001_A,2026-04-12,Inspection,INSP-01,Routine overflow/underflow sample density check & spigot aperture measurement.,Antoine Dupont (Process Tech),None (Inspection Only),0.5,0,Completed,Optimal
WO-2025-1205,CY_001_A,2025-12-10,Corrective,CM-01,Tramp metal obstruction in feed inlet chamber. Cleared blockage and inspected casing liner.,Marcus Vance (Lead Mechanical),Feed Inlet Gasket & Clamp Ring,2.0,650,Completed,Optimal
WO-2025-0814,CY_001_A,2025-08-14,Preventive,PM-03,Replaced worn ceramic lower cone insert after 4500 hours of continuous classification.,Antoine Dupont (Process Tech),Alumina Ceramic Lower Cone Insert (CVX-500),4.5,3200,Completed,Optimal
WO-2025-0120,CY_001_A,2025-01-20,Inspection,INSP-01,Aperture gauge measurement of cyclone spigot. Recorded 48mm diameter wear.,Antoine Dupont (Process Tech),None (Inspection Only),0.5,0,Completed,Optimal
WO-2026-0719,CY_001_B,2026-07-19,Preventive,PM-03,Hydrocyclone Cluster B apex spigot replacement & pressure transmitter calibration.,Antoine Dupont (Process Tech),Polyurethane Apex Spigot (CVX-500-APX),2.5,1400,Completed,Good - liner replaced
WO-2026-0301,CY_001_B,2026-03-05,Inspection,INSP-01,Ultrasonic wall thickness measurement of cyclone upper housing.,Antoine Dupont (Process Tech),None (Inspection Only),0.5,0,Completed,Optimal
WO-2025-1011,CY_001_B,2025-10-11,Corrective,CM-02,Underflow splash skirt tear causing slurry spray. Replaced rubber splash skirt assembly.,David Thorne (Mechanical Specialist),Heavy Duty Rubber Splash Skirt,1.5,420,Completed,Optimal
WO-2025-0518,CY_001_B,2025-05-18,Preventive,PM-03,Replaced vortex finder and feed chamber rubber liner.,Antoine Dupont (Process Tech),Vortex Finder (VF-500) & Rubber Feed Liner,3.5,2400,Completed,Optimal
WO-2026-0719,CY_001_C,2026-07-19,Corrective,CM-02,Intermittent apex roping choked event. Cleared debris and flushed feed manifold.,Antoine Dupont (Process Tech),Manifold Wash Gasket & Flush Valve,1.5,450,Completed,Monitor - choke event logged
WO-2026-0214,CY_001_C,2026-02-18,Preventive,PM-03,Routine ceramic liner section replacement.,Marcus Vance (Lead Mechanical),Ceramic Lower Cone Insert (CVX-500),4.0,2200,Completed,Optimal
WO-2025-0902,CY_001_C,2025-09-02,Inspection,INSP-02,Feed pressure sensor calibration and pneumatic isolation valve testing.,Antoine Dupont (Process Tech),Pressure Sensor Diaphragm Kit,1.0,380,Completed,Optimal
WO-2025-0414,CY_001_C,2025-04-14,Preventive,PM-03,Apex spigot replacement and overflow elbow inspection.,Antoine Dupont (Process Tech),Polyurethane Apex Spigot (CVX-500-APX),2.5,1400,Completed,Optimal
WO-2026-0620,PB_001,2026-06-20,Preventive,PM-05,Cleaned sump level probe sensor and inspected rubber anti-turbulent baffle plates.,David Thorne (Mechanical Specialist),Level Probe Gasket Kit & Ultrasonic Sensor Cleaning Solution,1.5,350,Completed,Good
WO-2026-0205,PB_001,2026-02-08,Overhaul,PM-01,"De-sludged sump basin, inspected elastomer lining for erosion, and calibrated level sensor.",David Thorne (Mechanical Specialist),Elastomer Patch Repair Compound & Agitator Mount Seal,6.0,3100,Completed,Optimal
WO-2025-0910,PB_001,2025-09-10,Preventive,PM-05,Inspected inlet feed distributor box wear plates and cleared oversize rocks from trash screen.,Marcus Vance (Lead Mechanical),Perforated Stainless Steel Trash Screen 25mm,3.0,1250,Completed,Optimal
WO-2025-0322,PB_001,2025-03-22,Corrective,CM-01,Repaired cracked slurry discharge flange weld on pump box outlet 1.,David Thorne (Mechanical Specialist),Hardfacing Welding Electrodes & EPDM Flange Seal,4.5,1850,Completed,Optimal
